Temperature,Humidity,Soil_Moisture,Rainfall,Crop_Type,Growth_Stage,Water_Requirement_mm,Irrigation_Needed
25.11258320887879,91.30357298074371,45.25966679962728,4.564712768879766,Wheat,Mid-season,0.0,0
17.699322727086077,54.44366689744004,23.3539736126462,0.7708098373328053,Maize,Development,0.4,0
16.523112633731706,74.14990792001186,56.62039899586626,0.003895346183291148,Sugarcane,Initial,0.17,0
31.672000759948347,65.87398703662106,5.388646787084458,0.11666261799161694,Maize,Mid-season,1.36,0
25.796246236311898,23.499924741021157,58.556553536280255,1.3248520002501218,Maize,Late-season,0.21,0
28.884329837167513,64.43109266465319,7.554772699599875,4.676665103248051,Cotton,Initial,0.0,0
16.756393010602547,91.16641529399999,58.10976181910077,8.261657864064384,Rice,Development,0.0,0
17.637147078172365,71.31747698841177,29.20838715567807,0.6507611697722432,Cotton,Late-season,0.23,0
15.928490070110897,88.19903015590866,19.23289898800093,5.431278992824902,Wheat,Development,0.0,0
29.041836571800893,61.00327095074597,15.166995053903987,17.46403566368113,Wheat,Late-season,0.0,0
40.366471422233104,87.11205128207366,37.88449883460968,12.747176896347025,Sugarcane,Initial,0.0,0
40.951644657432425,83.34003865086135,46.102606057555946,3.8792986797510065,Wheat,Initial,0.0,0
22.58523176155928,60.70220623686863,12.750832373611946,8.102417978873657,Rice,Initial,0.0,0
41.64594728821397,77.9183576972493,15.929362484379482,0.027687101879677375,Maize,Mid-season,1.0,0
34.08514828388566,74.67553760307405,47.419869067727014,0.38464632756898176,Wheat,Initial,0.09,0
39.703911239682085,83.75289333423495,29.719787077601186,0.5013680269315249,Cotton,Mid-season,0.68,0
30.96504026810863,40.60413447425481,35.868388421623564,2.4138387234125562,Maize,Initial,0.0,0
34.48669707145157,37.698868981171685,19.083757751872817,0.20636876158321657,Wheat,Development,1.28,0
26.862085550375795,35.12894017515471,54.266997762043566,3.2253122608268865,Cotton,Late-season,0.0,0
33.77893433350545,30.449859080440675,38.24295586027995,3.8809169773118484,Cotton,Late-season,0.0,0
40.45704640506548,64.9149099866402,43.21317131718375,10.620849071200036,Wheat,Initial,0.0,0
22.982109517618277,27.912069487270294,30.109401376560065,1.2323195802577698,Sugarcane,Development,0.83,0
38.848566990809445,44.32587657539555,11.714837508537034,2.2025957067065822,Rice,Initial,1.47,0
21.154249388632426,52.03308414696922,49.99081212573712,9.856724859399167,Maize,Initial,0.0,0
28.090409226692547,71.93270246677028,19.81767835891868,1.3993997565358598,Maize,Development,0.14,0
20.906633928472896,61.85765015130059,27.210989408192244,0.3354675629989471,Wheat,Late-season,0.21,0
21.66565369664223,72.22282046298412,44.17488244584431,0.8013539391000997,Rice,Mid-season,0.43,0
31.458237017457215,57.70092674216461,7.831331318749415,1.6331296050518467,Rice,Initial,0.98,0
21.468171048008255,30.867115406841734,31.919901815265966,21.2201849130763,Sugarcane,Mid-season,0.0,0
35.563729613875374,37.822815799429975,45.051899173652274,2.29261399632152,Sugarcane,Development,0.37,0
32.10530219054416,60.18310130560688,9.965937352992457,9.018223971231485,Sugarcane,Mid-season,0.0,0
20.035999780796065,23.058135616607295,37.4991118753533,5.659258671336744,Maize,Development,0.0,0
28.82651257408059,36.98718313984534,40.48450347251974,0.9580211126956688,Rice,Late-season,0.86,0
25.44185435011451,90.25474915525508,12.563651928029628,2.085662169975859,Rice,Development,0.34,0
39.96672769352119,85.80045150357357,19.18678952433356,5.393813695219572,Wheat,Late-season,0.0,0
29.990421913185482,59.723793376700485,18.301875999524842,0.48863070237470363,Sugarcane,Initial,0.31,0
39.31128754340992,67.4826092954951,23.64663850767854,2.1478380790582197,Maize,Late-season,0.0,0
38.951333455158164,78.49066593932179,40.31174053848583,0.43945863098042026,Sugarcane,Development,0.35,0
33.062682877284175,63.5514966077341,25.47555216089587,14.07818617287604,Rice,Initial,0.0,0
22.665866317911572,42.90228952582951,31.708756447242465,2.9748795151574106,Cotton,Initial,0.0,0
19.749981822288326,21.355652271164065,32.1641543350889,0.9850812396162352,Maize,Initial,0.14,0
23.317641380014507,60.69051729161745,32.984774226131805,5.057578076637647,Cotton,Mid-season,0.0,0
39.08525698978206,67.33539694979471,48.714621694790665,3.492176621943852,Sugarcane,Mid-season,0.0,0
28.297977733109327,34.64322408485334,44.73486633938279,1.6478868418313146,Maize,Late-season,0.23,0
32.42775198949353,33.283300955528674,56.725222139410285,15.387812063940116,Cotton,Development,0.0,0
24.994284906897,21.15924623966506,56.0575209423249,2.7946913852653066,Cotton,Mid-season,0.43,0
41.017739381409825,83.975709160052,21.194689063827212,2.431459660493468,Rice,Late-season,0.0,0
28.102556605460524,47.9515150320537,26.70803067452097,9.296332463302232,Maize,Late-season,0.0,0
16.901235532937687,35.668903821152014,41.912893425322785,2.2208746530515873,Maize,Development,0.0,0
38.68907294205479,75.55764633156534,43.335865754739736,6.06143778112245,Cotton,Development,0.0,0
36.85275119791987,80.75850460093855,52.688977521905706,12.223079809183181,Wheat,Mid-season,0.0,0
28.54093995655439,79.87213842250813,40.74801619277709,6.052753242557585,Sugarcane,Mid-season,0.0,0
24.125869234991466,48.1687214479958,10.169006691247795,4.3170701330471735,Maize,Initial,0.0,0
19.186123651649094,93.63806662328983,51.141342613814984,9.845035858314793,Rice,Late-season,0.0,0
16.048537829594427,42.744913600491714,34.539533495816045,1.9774593464684198,Cotton,Late-season,0.0,0
20.827167742414765,66.71678568642503,9.69411057465724,0.265325479551547,Sugarcane,Development,0.64,0
29.597148283472876,67.80724261236549,44.935023354746384,18.617785043499964,Sugarcane,Development,0.0,0
23.71982476941364,79.63896460765278,19.89577381941408,2.8899171563665065,Wheat,Initial,0.0,0
19.977009206946992,26.065472496289825,28.557296121705928,5.831778110922138,Rice,Development,0.0,0
39.71077064591498,53.176417229832836,18.188304753657178,0.49288063147870065,Rice,Late-season,1.29,0
40.23457792817216,67.87029453825127,33.418294158461165,5.351747286940805,Cotton,Development,0.0,0
34.7110615471691,23.57870957687366,36.132046577174194,0.8637165607862862,Rice,Initial,1.7,1
18.13396129368674,23.450198151631454,7.240084127543358,9.671015168078293,Sugarcane,Initial,0.0,0
27.80269338535778,27.337562048825113,32.03887313142578,3.207251660471856,Rice,Development,0.84,0
26.71399452942527,49.887855079803,38.871755392871904,5.04057268020456,Wheat,Late-season,0.0,0
25.114540594914722,66.93949367856773,32.67249422190483,9.706747265877194,Cotton,Initial,0.0,0
19.3992295311986,25.29265605503224,40.33306030134736,0.13434536333697214,Maize,Late-season,0.68,0
30.537802802648734,49.11274446548914,40.38085201432943,3.0647798702554563,Maize,Mid-season,0.36,0
40.41954983696618,48.95769783505807,57.86548101031528,11.787880918849595,Sugarcane,Initial,0.0,0
16.872755123629467,27.558350103307,6.0022004108352345,0.4960250582787707,Maize,Mid-season,1.91,1
16.922093508426183,43.9231722720321,51.46814210332,0.11773501590355755,Wheat,Mid-season,0.76,0
22.610078918881797,28.86236207162422,43.32054409502828,4.956995882166101,Cotton,Late-season,0.0,0
34.84691818270491,80.26106977886364,20.511901491421856,0.9766664802022349,Rice,Late-season,0.42,0
36.78453796021613,94.2878856500505,27.693972230128455,2.3262195598086635,Cotton,Late-season,0.0,0
26.582838739125496,76.3153300843623,46.49985807465753,0.5441875940335901,Rice,Initial,0.4,0
28.641814056092144,81.98430995808062,22.602728056683645,11.29395257272963,Rice,Late-season,0.0,0
15.292616589968056,87.90364823144478,10.020767223237346,1.9232681669251943,Sugarcane,Mid-season,0.55,0
28.311692759838735,26.24633083964447,10.043728099216459,4.612058709222472,Sugarcane,Mid-season,1.4,0
20.74365316565418,90.96459071612676,47.97128277591614,0.6021711211134878,Cotton,Development,0.21,0
41.30470163042908,94.69484315227469,8.072913507254253,6.678682264341442,Cotton,Mid-season,0.0,0
34.05745006472475,92.64889579806012,42.84165055962715,9.068917361431073,Rice,Initial,0.0,0
37.638980621627596,51.95686062852059,17.241702966406677,2.5263023728275,Maize,Development,0.36,0
18.958330185684687,58.49946265192947,17.82754398334903,4.353067721232859,Cotton,Initial,0.0,0
38.769719153237254,37.751389526155904,54.92315384917005,4.481077213930701,Sugarcane,Development,0.0,0
34.120892280746396,56.12502409730865,25.789317456723996,6.105329721046148,Wheat,Development,0.0,0
23.91681828351566,52.58388833662035,18.95251956302263,2.5976678638861808,Wheat,Late-season,0.0,0
18.208083739237942,28.814468508282864,40.7065666163835,6.852988587982364,Cotton,Late-season,0.0,0
40.97865880881263,48.115293464277805,20.71416474550234,10.147512690851148,Cotton,Development,0.0,0
36.65694972372182,93.34255015657031,35.58027712534215,1.9481043796365995,Cotton,Mid-season,0.18,0
39.816124312523804,38.97426259919308,43.24761177086562,0.3921571624439769,Rice,Initial,1.41,0
33.78521460258466,54.090579857582995,39.51569440462349,4.389129309028778,Rice,Mid-season,0.0,0
22.58600611899022,91.28086130574191,53.964508114000395,3.0408763097981,Sugarcane,Initial,0.0,0
22.48929194049058,34.1090869792821,30.50341227169902,2.179767673083667,Wheat,Late-season,0.0,0
17.09883519805459,93.07961057496249,59.24159094637816,5.989319409563947,Rice,Initial,0.0,0
23.35724563973085,81.03462647802115,42.66021449046336,0.8873682705024419,Maize,Initial,0.0,0
40.394359332655355,51.247929330385944,36.963944164945445,12.577440777500115,Wheat,Late-season,0.0,0
38.6698601199964,61.36909044080525,14.065884362535051,2.6488116214006667,Rice,Development,0.71,0
41.6564554915035,31.281266832764615,37.677189344367434,2.3973684987904806,Maize,Mid-season,1.5,1
30.36519966747519,24.7633872192501,7.025202719979526,0.7184981074423448,Cotton,Late-season,1.25,0
17.034694629516483,71.8785797876684,34.38904512662047,6.929687113549361,Maize,Initial,0.0,0
30.799037372787744,74.45906330538861,46.63946611233507,2.372874703140095,Cotton,Development,0.0,0
20.53622386967617,38.858182963384884,20.110248836424983,1.161095858554039,Rice,Initial,1.08,0
35.438976568650176,23.517235084341493,19.776986511391904,0.11217262286123622,Wheat,Development,1.63,1
27.857688813303383,82.35286175468758,21.92774818740772,8.4745905444794,Sugarcane,Initial,0.0,0
17.38702203087246,79.38633796022248,37.447574342569986,3.270074347132298,Cotton,Initial,0.0,0
32.262756638304545,80.37835006395214,54.67330822721444,4.802045351456432,Wheat,Development,0.0,0
31.4183719376309,67.7483241216712,35.514858469822414,0.47706242596903037,Wheat,Late-season,0.15,0
29.781050286276013,53.81828355620783,55.07592031218002,1.768820576440974,Wheat,Mid-season,0.3,0
33.83633053032351,79.73538317554079,30.264074437039483,9.228694947313368,Rice,Late-season,0.0,0
16.78837140200038,23.439594980347472,39.14431264321502,2.1340572044483093,Maize,Mid-season,0.77,0
21.483931707011212,25.689749608149793,12.088384705085709,0.6850921203350356,Maize,Development,1.1,0
33.83702448981715,33.50504542619739,43.30758064248934,2.6522616547240974,Maize,Mid-season,0.9,0
33.02405894006773,32.92399034012224,15.575896034476893,0.20863606358782652,Cotton,Development,1.51,1
22.52193915386288,33.27578632075601,9.878639356638057,0.6427810674667627,Rice,Late-season,1.39,0
20.571010396956396,47.32023957860566,32.68794989701713,5.862287170062711,Rice,Development,0.0,0
36.58408077054415,67.09252921181809,9.496746757187955,10.340673492440454,Cotton,Initial,0.0,0
22.4756964999745,80.4650959844796,46.15428297110121,1.0198981603090025,Wheat,Late-season,0.0,0
24.960668268383856,54.69010370998609,46.11090159735661,0.18686476160739232,Maize,Mid-season,0.86,0
33.553468645889936,83.33305044752215,46.228892760472306,0.1547304069201522,Wheat,Development,0.33,0
24.561960111414386,49.787287437806185,10.767804159286449,6.685715712479348,Sugarcane,Development,0.0,0
30.227057484508585,83.05324894084484,9.90623807916309,3.832198884742982,Rice,Initial,0.0,0
24.259025335513027,55.54774560729171,24.530736680361763,5.232322271674176,Wheat,Mid-season,0.0,0
30.77338608728257,75.26168565461846,35.675824627274054,4.4159173132705885,Sugarcane,Mid-season,0.0,0
25.226860900684812,45.308512540393856,54.480606842975675,4.676797226997768,Maize,Late-season,0.0,0
28.452687841921385,44.77613609606855,56.3530503067931,0.03781444912643907,Cotton,Development,0.6,0
24.86463413119956,56.585735060655345,51.794963480988045,0.4599603889631214,Rice,Mid-season,0.64,0
16.394157902611845,21.36818610712708,43.33288043015318,29.490845192219215,Wheat,Late-season,0.0,0
41.17570169843496,84.91303444204851,49.938963902210396,1.4913754176675231,Maize,Development,0.0,0
40.093151706444814,61.75721697604473,36.43869792084449,1.642375154053254,Sugarcane,Initial,0.0,0
20.05018121105313,44.27594273031828,28.399004123902923,3.5424248132234926,Rice,Late-season,0.0,0
18.100594267958495,65.79650318312244,20.874680428214067,4.352265341462218,Maize,Mid-season,0.0,0
27.990782750080072,59.94420744136894,7.85029452523348,2.0519180069021163,Wheat,Initial,0.0,0
16.71112420276473,94.24701742924589,22.729461473609764,8.300353068849493,Rice,Mid-season,0.0,0
33.40057350004609,77.0170894917265,37.76013073343144,3.1892832202263586,Maize,Development,0.0,0
17.880879753062775,83.80455950123411,46.0285989051795,2.625622611958711,Cotton,Late-season,0.0,0
41.75509586434954,35.375135753992794,25.85757217300902,13.048909974899136,Sugarcane,Late-season,0.0,0
36.1008910072882,82.09556653831189,46.277605862092244,8.03563120502065,Maize,Initial,0.0,0
20.03293464327989,37.67688095487498,39.856721004609746,11.922563279511389,Rice,Initial,0.0,0
30.88428024646653,71.22365475628493,29.857173071447157,6.255015549744353,Maize,Initial,0.0,0
23.137202602431834,76.07070351321883,32.649621455086354,1.3212126549853263,Rice,Mid-season,0.41,0
25.365062977076708,60.766464583549144,54.85596610305008,4.893996519286653,Maize,Development,0.0,0
40.37546733756383,67.07810398035633,23.419808806139738,0.749884103082129,Cotton,Initial,0.15,0
29.40344948336068,87.04194372882182,48.37284661734919,0.8224566006317044,Rice,Initial,0.3,0
21.709206774990577,75.79597194295077,6.844283910467865,4.218567781930715,Wheat,Initial,0.0,0
38.672672192567234,45.65613115369306,50.16915175696071,0.5862194254938867,Sugarcane,Initial,0.27,0
18.442193882963526,49.79654679202754,48.85124511787545,0.8121089496020808,Sugarcane,Late-season,0.26,0
35.84081347615262,20.915230423853338,37.91434856628749,4.167892728957174,Wheat,Mid-season,0.95,0
31.173792848987816,82.00991208568087,57.74911370102153,2.0967370432899846,Wheat,Development,0.0,0
31.60365710512167,88.38893066322235,12.651390677868402,0.5312189893830513,Rice,Mid-season,0.89,0
34.60458082368482,64.47221789441161,10.621696532385977,12.551154428087605,Cotton,Late-season,0.0,0
15.621610329266213,68.85254082411845,47.41856676858559,2.345503143131086,Rice,Development,0.0,0
17.087668768197254,27.818522453885713,51.22417975892326,12.077996241174013,Rice,Development,0.0,0
21.369462934067194,32.41403827754673,15.247648372176638,9.085102978785908,Rice,Mid-season,0.0,0
23.408995129232313,37.05467156578345,38.43419165868423,2.3845829309196764,Cotton,Initial,0.0,0
20.550654826142214,79.08424165358693,38.204684245157644,0.6067003348033726,Sugarcane,Initial,0.07,0
38.31498979654984,89.22201738488637,30.613506727534727,3.277686687047855,Maize,Initial,0.0,0
30.850842051687316,22.463500268257874,55.20122045835208,1.426600605329684,Rice,Mid-season,1.05,0
19.468859570555292,22.540937018494624,22.131024412301656,7.581917455297149,Maize,Development,0.0,0
20.94262478018962,35.95105882559197,33.334552532374694,18.5538496966291,Rice,Initial,0.0,0
30.047244960031293,84.54740134180504,34.42883454135122,1.0195416467392282,Rice,Late-season,0.28,0
16.811064889487543,76.24703527993833,16.544807620257217,11.416574284058152,Cotton,Initial,0.0,0
15.986841031898562,55.40502088324995,36.0662623294439,0.3398347008957824,Maize,Mid-season,0.74,0
29.246488713909216,60.08419184429352,31.45983716131723,3.43594432138191,Maize,Mid-season,0.09,0
17.780499941945518,45.077210848286164,9.152685009213908,6.996821423330416,Wheat,Development,0.0,0
39.23062106510987,59.49338499944703,49.041237431736654,19.29986594516851,Wheat,Mid-season,0.0,0
32.790946431574085,22.03219943776126,17.20846890631222,1.313807894754655,Maize,Mid-season,2.46,1
15.532184519367831,27.80814364884304,48.995384695525416,0.9833885472589267,Rice,Late-season,0.51,0
21.430935088261617,27.458104456950885,18.374470504969974,6.405474065485159,Maize,Late-season,0.0,0
25.723955299698282,70.10638524279847,16.274136247870153,1.7346679430625842,Wheat,Mid-season,0.44,0
32.097500922595934,75.19284598970017,51.647045250678595,0.6549695860584737,Maize,Late-season,0.09,0
32.35899021758483,72.79596013538821,55.08432019471672,4.9009642250546674,Maize,Development,0.0,0
37.27789794841182,47.22944091463179,6.8825460951291015,8.879071555137775,Cotton,Development,0.0,0
35.893532126436185,47.20684209994591,52.35874109860969,1.239170120834244,Wheat,Development,0.32,0
36.053486919276835,28.567844444029763,36.117714098160825,21.12248682644769,Rice,Development,0.0,0
15.60667132464317,40.15080195387095,34.78988180634768,5.018486659672682,Rice,Development,0.0,0
32.41646252977189,51.62779509149614,12.27519161189317,11.541622722721382,Wheat,Mid-season,0.0,0
33.445964124027995,81.69379069337555,34.131392326029456,8.438468523861012,Rice,Development,0.0,0
16.81373579772417,50.39360660207666,32.36056916889398,6.368447217495844,Cotton,Development,0.0,0
18.780500543832122,39.77628519759624,19.65741163539852,6.58728630672611,Wheat,Late-season,0.0,0
32.093647710651084,57.070538760370354,36.53119079986703,9.10409714177193,Cotton,Late-season,0.0,0
35.81460718073531,51.65270446630155,24.46292571086872,15.9256553527704,Rice,Mid-season,0.0,0
17.439097935595413,77.8239444151609,8.753733794475037,9.072449005873231,Maize,Late-season,0.0,0
39.71886928688168,74.11496458414292,38.572256685437665,14.90981720814074,Cotton,Late-season,0.0,0
20.803390221950433,22.33873512959635,19.424522436490378,4.520303259365487,Maize,Initial,0.0,0
28.40188867443338,64.7632136687667,23.383413994932845,7.368249795733673,Cotton,Initial,0.0,0
17.028720106866835,74.61415671527024,32.252022391340915,5.830213278665704,Wheat,Initial,0.0,0
21.65285489745588,81.43267382556498,48.96787334329386,5.932244098545607,Wheat,Late-season,0.0,0
24.746295217380723,26.86865549949756,55.452246650423355,0.7356522440976001,Wheat,Initial,0.18,0
27.042155869864807,33.884969662896474,34.8045521058097,10.315708971410293,Cotton,Initial,0.0,0
32.787150901189364,71.92074233883893,51.70576083609256,1.4361975777006006,Rice,Late-season,0.02,0
20.97265492912926,94.07510059974852,56.92326368276373,0.20112550602689544,Wheat,Late-season,0.11,0
39.98170457022297,33.543150884550016,36.23698768039462,12.354326320627651,Cotton,Mid-season,0.0,0
23.02842319905887,89.32971465323978,58.408203484095225,14.435868406204872,Wheat,Mid-season,0.0,0
38.275151576711465,83.34120489013029,22.55052602837906,8.827987706973266,Rice,Development,0.0,0
31.09928671901543,37.25066279657773,11.631178717750334,0.40037671652191376,Cotton,Mid-season,2.21,1
24.176624021737787,74.35750786465711,8.59459874394183,1.893801907088391,Rice,Late-season,0.25,0
36.34952545065202,43.90643771990524,39.4240257040355,10.856808293621349,Wheat,Late-season,0.0,0
21.28990581834811,21.830058616740352,52.855438064551144,0.10749432080130657,Cotton,Initial,0.33,0
25.367025027832597,89.94424320689397,8.851633816110906,0.04765353436204954,Cotton,Development,0.67,0
17.39067208656769,22.819757990469565,31.38797297710776,4.346525345947192,Sugarcane,Mid-season,0.39,0
25.753759367342163,26.87745013335726,23.500375510563213,3.6961565588691436,Rice,Development,0.84,0
15.090351775160439,55.04830749032394,21.335158205018523,9.580556644331562,Wheat,Development,0.0,0
30.90593043071416,40.79492342725802,55.06865061316439,0.2307468261586126,Rice,Initial,0.92,0
33.35047663271288,36.369041589879814,57.24786511726239,7.716963909377931,Maize,Late-season,0.0,0
26.274680946193065,85.93387306716235,56.96026122602757,3.1499372155069616,Cotton,Development,0.0,0
19.509916544486032,94.33764696027325,17.741943576089387,14.30004665746944,Cotton,Mid-season,0.0,0
28.842589797445733,37.3002358788319,14.709041760302954,1.2454244931025338,Rice,Development,1.62,1
36.04878078630234,46.25939443750475,8.1813472109868,17.385421082633872,Rice,Initial,0.0,0
40.04931164627075,94.61808669848264,14.564238707071802,2.522909274469404,Wheat,Development,0.0,0
33.79255668745239,31.54219297548913,49.87082187448398,1.2708533362029315,Cotton,Mid-season,1.14,0
15.941359326313272,87.119108092088,52.30697490298581,3.057210180029845,Maize,Mid-season,0.0,0
18.496902874635712,86.65610599017329,57.560832402636436,9.907133922374811,Rice,Mid-season,0.0,0
32.691533477253586,61.31430279568545,9.784271795127559,2.625072499551324,Maize,Initial,0.0,0
16.317156705175673,59.945188955057155,57.91670849256274,0.5796860390325048,Sugarcane,Initial,0.0,0
41.7698340489163,24.613776967942627,53.55984480256037,3.6291682548706072,Maize,Development,0.0,0
30.4256114318285,69.65840075799235,34.907839939856956,9.993655480927774,Rice,Development,0.0,0
29.074028428871202,85.11206030386602,18.490704274043402,0.8559625334426608,Rice,Initial,0.6,0
37.599359865819146,72.31035962519627,42.40774244681652,4.819682095110941,Sugarcane,Mid-season,0.0,0
38.804202584799455,92.09864661386806,30.600850482349095,10.56277826815709,Wheat,Development,0.0,0
37.1385667700187,37.146887114369264,54.97857200981523,0.005603696369082504,Wheat,Development,0.79,0
35.429166702193235,39.40162480234309,15.622307552301118,0.4392307600485595,Maize,Initial,0.46,0
30.115796432338396,28.688289258519326,25.71824490927393,0.04556904766980622,Cotton,Mid-season,2.16,1
18.468115388516168,41.25072111991862,6.013524530601961,2.8302893272109904,Wheat,Mid-season,0.83,0
25.58808270902031,33.4622992567875,46.453435872778556,7.774913928982883,Sugarcane,Late-season,0.0,0
35.813060930606724,91.04734161922535,14.150767281274979,7.36982343108732,Rice,Development,0.0,0
27.78649498774739,24.34403454190987,9.10819297668197,9.566743444060199,Cotton,Late-season,0.0,0
35.24059945705896,29.7564680097974,46.704475776096245,0.12447111141255657,Maize,Initial,0.4,0
23.737475917037614,56.648239280349934,47.37240797942863,5.748928634454095,Wheat,Development,0.0,0
22.387919989604978,94.78433751182834,28.43997162297851,3.0018102421227146,Cotton,Initial,0.0,0
23.0561096367298,82.99603735043539,47.50525290092425,1.307172423937386,Maize,Mid-season,0.24,0
38.43746670837191,92.2427490080099,6.721627256113393,6.570241850685533,Cotton,Mid-season,0.0,0
41.04205275129563,77.00705588285729,29.326431930950065,1.8694833111315712,Wheat,Late-season,0.0,0
34.55941216058116,75.93777590232233,16.019752895179195,10.12942097361333,Sugarcane,Development,0.0,0
38.337672745670204,55.49074300186679,58.2506385353097,1.026060891304192,Rice,Initial,0.49,0
35.96811502537703,77.81913834830391,51.46307754642882,7.156960563018635,Maize,Initial,0.0,0
18.543611697424463,22.439463461843893,55.646631629862775,4.794038447153901,Rice,Development,0.0,0
18.16732110198465,29.388934415191283,42.706090797593426,2.8132785996209515,Rice,Late-season,0.11,0
16.73364130102862,63.64785514357991,19.794637243930374,7.986536450159809,Maize,Late-season,0.0,0
27.29094402520863,20.87154049310755,8.984578828700737,2.4919624854285862,Maize,Initial,0.0,0
35.44060022550303,91.44864785290378,54.93002591415521,6.441943365114817,Maize,Late-season,0.0,0
18.939895998948927,27.70943033694993,36.39974760142904,0.09269208213473842,Sugarcane,Late-season,0.89,0
24.34244732641067,78.1853551844717,56.76806273278126,0.3758610797818737,Rice,Initial,0.34,0
38.828404117129196,26.188140083031595,50.34827257932586,2.214288004616273,Wheat,Development,0.39,0
30.32360290306207,71.70987268529493,49.03226845099956,1.116656871289236,Sugarcane,Initial,0.0,0
40.69184930759383,29.31649750460445,54.29217164767711,4.516584256266324,Rice,Mid-season,0.29,0
31.54949272137136,42.41269147529854,56.43609984147028,14.720489136775367,Sugarcane,Development,0.0,0
36.1524136004236,65.91934894108685,31.641914616572233,5.406123439235459,Sugarcane,Development,0.0,0
37.06703978898733,53.92387133887251,40.39677323580887,3.736989069793848,Wheat,Development,0.0,0
17.20400951482592,24.526406299292283,18.590677870558054,0.8690574325757503,Cotton,Mid-season,1.59,1
20.918777658667196,93.18989418643484,23.529268547410876,1.0051855198942645,Cotton,Mid-season,0.6,0
16.17886475809875,32.1254408110102,6.147362661034595,5.295943834793938,Cotton,Late-season,0.0,0
29.646923164422923,56.99576350878497,9.483956925383469,2.581380261375532,Cotton,Initial,0.0,0
26.296794294026625,35.2683710256682,51.22488234523134,0.9569729825619568,Cotton,Mid-season,0.91,0
26.229498885967402,83.46839690142869,39.58206500132698,6.64674104604933,Sugarcane,Late-season,0.0,0
16.082948168137026,85.02736220918364,36.82714747148164,2.886745405173298,Cotton,Development,0.0,0
28.140061418466978,85.50674285612455,54.53860252061922,2.7384935067701237,Wheat,Mid-season,0.0,0
30.99345887202078,88.42725092125183,16.586420395311663,4.877107288497878,Cotton,Mid-season,0.0,0
21.366386536898666,78.20001552765721,27.292060069715887,4.604699910314764,Wheat,Late-season,0.0,0
25.06691320410123,58.44614039043539,27.716714605623334,0.3581931968013957,Rice,Development,0.92,0
17.62962159894591,50.37655993102412,37.610511990748,4.3305422018131035,Sugarcane,Development,0.0,0
17.57206071477491,68.90924341478285,22.168143118304588,2.5461839842436302,Maize,Initial,0.0,0
15.243820911497856,64.1309475005454,37.929268905505914,2.5263701151527624,Maize,Development,0.0,0
16.984412177910343,32.731842881565555,33.58756717058097,2.054925399025833,Rice,Initial,0.57,0
27.13471355077092,64.09132783327902,57.17208451682885,1.4552907053203605,Sugarcane,Late-season,0.0,0
15.99012852720566,75.23015112992303,41.50924901919928,3.2182708481764637,Rice,Late-season,0.0,0
36.75309412965144,63.901577329756414,52.75492042822923,1.1523592518528678,Cotton,Late-season,0.06,0
22.28323951095872,24.281514206698613,34.21432404005676,13.791906027009833,Cotton,Initial,0.0,0
18.296967678270725,53.91492712125765,56.36312596403477,1.900128055283935,Rice,Mid-season,0.06,0
16.12246719436059,31.125740072156667,59.26465676273658,16.779021539099546,Maize,Development,0.0,0
40.69891820642745,67.93399533616252,52.735506198601215,3.0324613454600473,Maize,Development,0.0,0
24.251644179264716,59.91837416197243,11.915783149365685,0.7119361867023427,Sugarcane,Late-season,0.6,0
40.375134382024726,74.96741887560063,13.93100420642765,1.0434246868592965,Cotton,Late-season,0.23,0
21.333154920040375,92.25101246152992,19.04185886006375,5.418111269216672,Wheat,Mid-season,0.0,0
33.44769676382044,57.28810730063205,38.98159821106676,10.159164546839555,Rice,Late-season,0.0,0
18.05396511506747,79.66327787723023,55.527278834642736,4.589078752448708,Cotton,Late-season,0.0,0
32.58329038012029,27.994477273099303,41.18149175316698,37.20861454852203,Rice,Initial,0.0,0
25.986514939517505,85.30650877529443,48.03120162320504,4.185275529632762,Rice,Mid-season,0.0,0
38.71992015513639,50.31052412382748,22.98682388597813,5.506981585861535,Wheat,Development,0.0,0
38.70306129411584,43.78967875740489,52.789534404731405,2.3553990556627373,Rice,Initial,0.44,0
23.7638174073073,47.48461511535484,26.789498038509045,5.944882510155721,Sugarcane,Initial,0.0,0
27.114727810808326,37.81580981557456,25.528848539613705,1.289125487665244,Wheat,Mid-season,1.35,0
31.293112021297205,70.11595989162622,39.0719690305288,3.113388075084737,Maize,Initial,0.0,0
38.31000853843928,58.931133885216354,31.355003269635205,0.12988276971007237,Wheat,Initial,0.42,0
25.26528170721814,49.91170856726754,36.90948030750327,3.8135855217643444,Maize,Late-season,0.0,0
29.83418443762224,76.0156787101867,44.35199989046009,3.6827179770137652,Cotton,Mid-season,0.0,0
26.633276471526898,87.25357173800917,8.920414853034014,15.467831481524954,Sugarcane,Mid-season,0.0,0
25.26201174130454,34.7865594929658,31.355077619397996,1.0818224258781948,Cotton,Late-season,0.52,0
21.932967328453714,41.365467647144214,21.900948070945763,8.123415099827117,Maize,Late-season,0.0,0
23.4053078772121,65.77503374831888,44.388287082275646,1.5915587110402303,Sugarcane,Development,0.0,0
18.290924520097583,33.58620121510103,42.461481968074054,1.0010328074182362,Cotton,Mid-season,0.88,0
34.14424906650568,28.01576923210579,36.202172079589694,1.4823548004624207,Sugarcane,Late-season,0.86,0
28.05573246143797,80.44944123313687,35.262459818594394,0.22191524639933063,Wheat,Mid-season,0.68,0
40.687890239579744,65.12088651097484,50.05538726847346,10.779732650770166,Rice,Development,0.0,0
20.72521067752212,65.82357416382439,27.60656583936876,9.158574910844619,Rice,Development,0.0,0
21.902414940850353,42.65453763760963,45.2576937172099,9.524895967010789,Wheat,Initial,0.0,0
17.57945347353604,66.78944935074298,29.847222330547602,4.416800520333024,Rice,Mid-season,0.0,0
38.47000986557842,55.466897422488664,34.444695601346346,0.9827878396286533,Cotton,Mid-season,1.12,0
21.21664654755249,35.463962338881984,40.08784363237836,1.4845145880362378,Cotton,Initial,0.0,0
16.578274580930955,30.63307951453264,20.099713970006896,4.544675714543461,Wheat,Mid-season,0.23,0
26.95335810304723,53.434318593292176,44.848426826924,0.07973790572623914,Sugarcane,Development,0.64,0
17.81096053337249,74.32541128465559,36.8112804353525,1.6021329622501308,Sugarcane,Late-season,0.0,0
32.422825613194355,64.68130461417175,27.065335272144047,2.2860773705125177,Rice,Mid-season,0.44,0
16.874443754144522,58.92948431812028,8.71869099757182,8.05611021079626,Maize,Late-season,0.0,0
29.580321694321785,86.00593156710937,40.79825529759568,3.8066781628736583,Cotton,Development,0.0,0
23.991051652571343,70.21152163986426,59.67766486716421,5.421168634826156,Rice,Mid-season,0.0,0
34.72756377645965,54.89042092127886,8.307828843043186,4.131071300719805,Sugarcane,Initial,0.0,0
19.73317944365681,71.75036681154992,16.051352876248107,3.8374971301322325,Rice,Mid-season,0.0,0
35.41640988017164,46.06786431792366,41.57014484679699,7.934713214581751,Cotton,Mid-season,0.0,0
25.781529726851318,31.431200999781307,59.58659261871064,13.086545485792861,Sugarcane,Initial,0.0,0
37.73489894816338,59.071848295403164,39.297212840151786,0.466744897715109,Rice,Initial,0.91,0
37.30382601681826,78.65210657527894,43.98095837586371,0.1841518402577656,Rice,Mid-season,0.62,0
22.104039387592756,47.01023056036394,9.82035107201112,13.81975650446037,Rice,Initial,0.0,0
23.249156387766636,49.77361378057125,29.596139727765962,4.58888835110396,Maize,Development,0.0,0
28.418014038457414,94.41185111174845,51.82837267598027,1.1691934191971594,Rice,Development,0.18,0
29.572780706518458,67.09625395794768,42.086709352497664,3.801578506215918,Maize,Late-season,0.0,0
20.72352725436044,81.40512530557027,22.739038781552836,0.11579979152872216,Maize,Development,0.51,0
21.037589731400402,91.79921659209404,36.517278591196714,13.4952595726546,Wheat,Initial,0.0,0
27.942569883721998,43.52957683955721,38.35040194383566,0.7494539737780366,Cotton,Late-season,0.47,0
28.569284064512946,49.899727082923484,13.0505695689237,2.2906474122836578,Cotton,Development,0.41,0
28.664903980862274,37.441351877403505,9.398096689761607,7.4967247480629045,Sugarcane,Initial,0.0,0
40.28412769485884,85.7078894448532,20.27639430620936,9.534122527323618,Cotton,Mid-season,0.0,0
31.728874782241398,68.76508192986151,13.361366922075646,0.3165610447526569,Maize,Development,0.59,0
27.414611441771644,24.362284662910685,59.717647444337196,0.2975854071221184,Rice,Mid-season,1.11,0
21.45786281382999,30.66870265153971,11.67617166823359,1.806823529705549,Maize,Mid-season,1.56,1
33.68835622574156,24.6718848597547,33.018217048238434,28.564399433999675,Rice,Initial,0.0,0
31.610924832237295,42.96902155899588,39.314270996040115,3.743737779397671,Wheat,Mid-season,0.31,0
36.386528111534666,50.359882181389985,40.9741687454599,2.186607696830129,Maize,Late-season,0.04,0
28.004140856441282,33.26653588578908,26.289331818459694,16.59655847184531,Wheat,Development,0.0,0
27.996292094153738,21.439420761729252,19.28972648097688,7.14162340857189,Wheat,Late-season,0.0,0
29.453373549219975,36.14014040129281,5.66664260541413,1.3800948092514966,Cotton,Initial,0.31,0
36.64150202084072,91.9682483240775,31.831972415949934,0.5811872709759626,Sugarcane,Mid-season,0.68,0
27.268188033118946,83.3267812054712,10.394541943133452,3.349508678149231,Sugarcane,Development,0.0,0
23.76625002603162,75.30178080408498,31.18099711528216,2.357129482107963,Sugarcane,Initial,0.0,0
27.40506274696164,78.87624078777927,54.06465789171289,15.5427903151115,Rice,Late-season,0.0,0
23.515986185196343,71.61010295649066,29.068171823046555,1.4696452012448886,Wheat,Development,0.06,0
16.037511421982774,87.63214941015677,30.381260554360377,5.069538156672787,Wheat,Late-season,0.0,0
39.16817899907648,67.75022616254054,38.766347161803395,0.344886003909527,Cotton,Mid-season,0.86,0
17.8537239574694,94.12064532500985,29.380019809399005,0.2450627515460369,Rice,Mid-season,0.77,0
34.34073147769242,25.4063251999005,8.919120027089223,0.06091190004897985,Cotton,Late-season,1.53,1
34.912725705393186,46.49385563765481,21.30945697082104,2.1516322533344003,Maize,Mid-season,1.29,0
36.163752272727194,46.613102019266776,27.667201164452436,3.988274119183352,Wheat,Development,0.0,0
17.230676913400256,58.59931899301337,54.439545320342944,7.627435592528387,Rice,Initial,0.0,0
25.31237027062819,35.426544664666636,11.676252998767353,4.772728142397403,Rice,Initial,0.45,0
40.91531598805008,55.86914709319428,54.269802855453506,1.9446294662776922,Sugarcane,Late-season,0.06,0
27.807074967467777,28.546747603573785,31.730852663764697,12.647251632131407,Sugarcane,Development,0.0,0
18.4585851518874,45.37006294958738,56.04460021793273,1.2719819393547196,Rice,Late-season,0.19,0
26.666075839493292,52.955374227083915,38.7116770371989,14.330176918900978,Sugarcane,Initial,0.0,0
33.251521440831596,57.203587900991494,5.699318949279143,24.408177338847246,Wheat,Late-season,0.0,0
23.556906888313513,85.94514949983787,19.213739116049993,3.926494139928126,Cotton,Initial,0.0,0
20.96871102925067,93.37979591004469,46.15055482884487,4.080114597217871,Sugarcane,Late-season,0.0,0
19.790576775682084,60.87701891727038,59.15683567384795,13.853996940037163,Cotton,Initial,0.0,0
19.450000024694802,29.879658009092143,44.928895049191254,8.512848903479231,Maize,Mid-season,0.0,0
37.6989817563024,74.9601158574688,34.82304630205165,4.462232522850162,Maize,Mid-season,0.0,0
17.86012923907931,31.36770286907552,10.156630635505614,4.303958272559376,Rice,Late-season,0.15,0
26.712613830878837,32.063613046830966,35.69232788319319,8.349980942752717,Sugarcane,Initial,0.0,0
38.79917105122558,40.842657293665084,15.667462699727617,10.593677102732965,Wheat,Mid-season,0.0,0
23.39508111020396,75.67610379293819,49.83151114642023,4.772277138485035,Wheat,Initial,0.0,0
25.132017419951993,60.402175050727934,33.82875438993892,9.420946114543753,Wheat,Development,0.0,0
37.48237267237017,20.827371069684936,46.22500164578885,7.108082332957142,Sugarcane,Mid-season,0.01,0
35.419145763069224,83.14777786225315,30.86754797559821,3.486280186696435,Wheat,Late-season,0.0,0
25.40514884227877,68.25238849338382,47.921987688100096,1.2244483275723976,Wheat,Initial,0.0,0
32.902134121513285,20.1409912643683,14.810492136903141,0.1475116279532641,Sugarcane,Late-season,1.84,1
36.443327944481275,26.97429798673491,37.351124682161476,3.278995809468057,Maize,Late-season,0.1,0
17.81170866384776,36.90790665977704,43.661889253827226,0.2712459804951291,Wheat,Development,0.56,0
36.734702991380786,40.23655400961607,50.37771755990342,3.4483230812980477,Maize,Development,0.0,0
33.77622250485744,75.94439066102558,59.00830547453799,1.177611735044157,Sugarcane,Late-season,0.0,0
29.04800757680366,48.00969471081301,11.730721652884787,6.649676122293348,Rice,Development,0.0,0
25.028394050572235,24.690667017302633,49.07518037007355,7.27476195704014,Rice,Late-season,0.0,0
23.08497478328094,33.01100556994679,40.065429545862635,3.4275459631175997,Maize,Mid-season,0.4,0
26.06743202179978,82.9851714226713,26.11081235631742,4.241668481050225,Cotton,Initial,0.0,0
30.26984905287889,93.47350362754126,14.0911761033596,6.024065110125285,Cotton,Development,0.0,0
28.988126688448016,42.40441801915798,56.737358481343726,1.5007760910029715,Wheat,Mid-season,0.52,0
25.176682447882044,54.62996102092866,31.44983004141883,2.8562444476863784,Cotton,Late-season,0.0,0
18.60395925523048,26.04511353178435,45.03666188355709,3.43047207298425,Rice,Late-season,0.0,0
34.69672217361472,77.41346742433323,13.739949221814445,4.710930064584235,Sugarcane,Initial,0.0,0
35.28712732278423,69.27163672003547,57.61380415959019,0.3572545375426614,Sugarcane,Development,0.3,0
22.619051016716405,39.62792628019295,18.58383394895999,11.835862371081546,Wheat,Late-season,0.0,0
25.022591535029953,52.16651591457789,51.46341899573118,1.5608235061041662,Rice,Initial,0.29,0
38.03341983189856,23.48754398300491,39.08346921096786,4.127600193772821,Cotton,Late-season,0.0,0
23.51011706962869,77.8893294636216,9.753353591940057,1.3510729999051092,Maize,Late-season,0.14,0
18.455681630406833,86.16017107115451,26.639631560997536,8.797479175379111,Rice,Initial,0.0,0
41.49502144342566,39.23975468331859,40.979603081074096,1.1038420756713982,Rice,Mid-season,1.52,1
23.33486607107627,91.02769908040422,58.204589778355135,1.010675439464433,Rice,Development,0.16,0
34.440217070904055,51.34924504028632,9.88621347981604,5.756176105432347,Rice,Initial,0.02,0
41.47395419402986,37.05571218960342,27.218783197960153,3.910392579949402,Rice,Initial,0.9,0
31.54830434327263,36.96102886924555,51.58053004487079,2.798596252429102,Cotton,Development,0.0,0
32.93307369164627,36.20678398889807,10.365938063161487,9.902033658443894,Maize,Initial,0.0,0
35.23066024278596,41.79406698547663,48.283357420471646,0.5935569216896331,Maize,Development,0.63,0
41.40766908528527,79.54922872760045,32.34907616730785,2.075891682443007,Cotton,Late-season,0.0,0
29.710889495281922,76.88187634018334,46.47592241738902,0.09054327508789524,Cotton,Mid-season,0.6,0
38.74871008369129,85.29338187845052,18.13379162598466,3.000464482161465,Wheat,Late-season,0.0,0
35.84433686036974,22.037556591916985,8.586252519327063,3.1174654888553146,Sugarcane,Initial,0.18,0
25.549665871567555,79.87581411682461,25.456296735427568,3.0046344772151192,Maize,Development,0.0,0
17.52201524333298,53.08041186880878,15.758510017448327,1.033419388687295,Sugarcane,Late-season,0.45,0
35.452010889314266,40.73312679375471,22.179200603703247,5.145542945793988,Wheat,Development,0.0,0
27.08527938864586,61.836514394690106,14.13188723789075,4.75276957188264,Cotton,Mid-season,0.0,0
39.224031206044714,32.66406550082646,32.88781071259926,4.5579170108926315,Cotton,Late-season,0.0,0
32.66589891277397,31.407821241670465,29.217788010259195,4.776431677739809,Maize,Late-season,0.0,0
18.17638768030178,75.47977490641554,22.581675784229958,22.29064764663232,Cotton,Mid-season,0.0,0
18.305715255691407,74.38891610205431,22.76561591124176,29.177703626837737,Wheat,Mid-season,0.0,0
32.715618486555684,29.736983671378816,42.7773548721266,0.4882322092324689,Sugarcane,Initial,0.44,0
37.219878047980124,35.7314710762761,25.846491942050356,18.14501955945284,Sugarcane,Initial,0.0,0
23.005224094649513,88.86559997170814,11.091164492542696,7.126889548787613,Rice,Mid-season,0.0,0
39.33499229091552,68.87509390298194,22.27334372460026,1.4673069105372603,Maize,Late-season,0.16,0
24.050617279013565,33.032119485180786,44.16077111819294,8.742873866424489,Rice,Initial,0.0,0
26.343205651888574,87.90199057084027,45.681921539972,1.0613915737590067,Maize,Initial,0.0,0
26.758647268750302,63.29372980764598,45.593801783618446,8.204536629504611,Maize,Mid-season,0.0,0
15.840121197768658,75.447105137358,10.848904944067602,1.8910952936163463,Sugarcane,Mid-season,0.55,0
19.721798803750904,84.18029441793398,17.49487563629332,9.07128706056416,Maize,Late-season,0.0,0
38.39243588478624,36.16474015934989,24.820780096169116,0.3548244658654875,Rice,Initial,1.95,1
26.02427125450518,76.9436549795632,54.69843143907373,1.324798604921592,Rice,Mid-season,0.15,0
16.59553503211284,87.41355411351856,40.79227011573111,10.36637195407601,Maize,Mid-season,0.0,0
19.565188899611798,49.23195405698691,25.872659685609523,1.2856374904785541,Cotton,Late-season,0.23,0
18.47891522400688,50.95708469495195,49.12948810375953,3.260698621985991,Rice,Initial,0.0,0
26.37898912263968,22.038126206813313,58.1433875888739,0.6816992886399458,Rice,Mid-season,1.05,0
41.264960718086314,81.95292887499289,43.462345631941204,9.14608905777148,Cotton,Mid-season,0.0,0
31.776301425845297,61.93886051219948,39.553096075480475,3.8036611470600317,Maize,Mid-season,0.0,0
27.1457396152591,36.38323871624803,11.61359745814216,0.35394170939258873,Rice,Development,1.92,1
16.245336237064812,62.53780849395392,20.610564586293613,8.701572962128912,Cotton,Mid-season,0.0,0
21.11149034722012,74.76846103176095,37.93445630109203,0.33332401369372855,Sugarcane,Late-season,0.37,0
38.68606759630684,44.78060029068304,23.72232138422606,22.562206834321522,Cotton,Development,0.0,0
36.45361352490514,22.600270004486248,37.05437592959193,26.94944054430042,Wheat,Initial,0.0,0
29.079033604176914,24.773068196498176,50.72554329121404,4.568701287718527,Rice,Initial,0.0,0
17.534146690230617,88.22201145774443,41.806014461594316,8.838851597612024,Rice,Late-season,0.0,0
28.971051497386114,52.282055774074266,22.43206232851156,2.851073449415669,Rice,Mid-season,0.66,0
39.098128828780844,53.25350107843908,38.38992682953147,4.9889622984546325,Sugarcane,Initial,0.0,0
33.97111187330894,37.80751012811047,33.18000776501849,0.5503289673916542,Sugarcane,Initial,0.46,0
41.21068757481914,39.70067319489888,19.936282061307192,3.2017977779071267,Rice,Initial,1.22,0
22.261891537314717,50.52289322256979,54.03140085929287,0.014626535816148804,Cotton,Late-season,0.39,0
31.309935280922918,88.05351235346352,18.13711632210602,3.171013019612538,Rice,Initial,0.0,0
27.770226344578774,66.6889771797309,30.835906964487606,2.9662209224394016,Sugarcane,Late-season,0.0,0
30.953420914318123,60.27556162635188,51.977479870777735,0.25381903344751194,Maize,Late-season,0.33,0
17.916695361528667,45.41454870040637,49.14221237688971,4.243728712956564,Wheat,Mid-season,0.0,0
16.19846984861307,40.836655458630084,49.9175196497895,1.6743037910916836,Rice,Late-season,0.16,0
29.353185544319633,85.989700802087,36.61287548454283,0.1505861394440453,Maize,Development,0.4,0
41.8060546529749,29.861683992348624,20.110233903573572,2.509131824182375,Sugarcane,Mid-season,2.28,1
26.097569032169737,88.07082519174162,44.27179544567711,4.681258338158763,Rice,Initial,0.0,0
34.39758920510585,91.55248456887804,44.676639810845856,9.934512459101736,Cotton,Mid-season,0.0,0
16.607166909389836,65.28465897120408,42.76244524209337,0.607944307284065,Rice,Mid-season,0.5,0
32.8919418526026,26.921359405494293,37.79768353732026,3.9879145833704674,Rice,Initial,0.56,0
25.914472700393645,44.08108228152876,46.24179204400564,2.660887524390639,Cotton,Initial,0.0,0
32.454152433364385,86.60292982700884,37.928082127550354,3.487318516390264,Maize,Development,0.0,0
18.124915380325046,31.574117396230953,14.451666472990198,5.078858008763154,Cotton,Development,0.0,0
29.309771119013305,82.17632994091183,59.51947747034983,8.574342961637896,Rice,Development,0.0,0
29.37730288480296,53.66398037560312,9.641580929949829,2.5488704540587697,Cotton,Initial,0.0,0
36.81661100747693,36.20385237587654,30.66342815834687,8.483788572869692,Sugarcane,Initial,0.0,0
33.69730632006908,52.24483080426111,42.01316423169378,1.6105475999006464,Cotton,Development,0.29,0
36.30259931786142,53.48146373011866,48.91091872850939,8.641737171109364,Sugarcane,Late-season,0.0,0
39.7491513677126,52.32389153849722,22.537675007662635,4.3637471492504165,Wheat,Mid-season,0.47,0
31.22900250360629,72.91893969828685,42.86227601706753,2.3464425212038993,Sugarcane,Initial,0.0,0
32.434993772581535,23.358383787850116,46.90487510728285,14.653884883292477,Maize,Initial,0.0,0
28.965463306286964,48.41827085441108,5.369071466723297,2.4377798952068406,Maize,Development,0.43,0
31.09169873895401,27.59449359613692,51.59267193315818,3.7866724956577134,Sugarcane,Late-season,0.0,0
41.67697108620098,54.05012158970862,42.855082967913035,0.7573304104734127,Cotton,Development,0.62,0
15.743491436475567,57.90913384328375,58.02095739147363,2.4242197239737098,Maize,Development,0.0,0
15.835806354822274,49.09900699601521,13.801371505475672,0.1181453854060028,Maize,Initial,0.29,0
27.380121239811047,41.693357897949085,54.50457506590644,0.6172771174893266,Wheat,Late-season,0.16,0
23.477101369188524,86.63027542315109,38.16185820637038,8.76386775688192,Rice,Initial,0.0,0
22.786946821106135,92.08516140556948,26.42150421963312,2.434828616049801,Sugarcane,Initial,0.0,0
19.16191616581915,61.52836140185084,34.79376468255022,7.175360691532479,Maize,Mid-season,0.0,0
26.89191645843545,42.67499370136203,19.263419352440195,1.0822291355506095,Rice,Initial,1.25,0
24.24609542853726,40.26857690980874,58.152956222652406,4.078934248270577,Maize,Initial,0.0,0
30.672625226829794,30.439752600927164,29.42240620612116,4.920631028910057,Maize,Late-season,0.0,0
25.848027617666755,94.53862916747737,53.41731191819098,4.8829374190340396,Rice,Late-season,0.0,0
31.75783295526377,35.0984080866825,26.732575879537524,0.20129583182880106,Rice,Initial,1.74,1
29.661663766856904,37.08123020774072,58.021586594103255,12.009520086993215,Maize,Development,0.0,0
29.40143897666479,85.24768697357638,12.18587891029046,7.815391457141175,Sugarcane,Initial,0.0,0
36.44368788883395,40.68256761885177,53.23998195600039,14.415777731750818,Rice,Mid-season,0.0,0
27.492241336765623,93.57405336220138,31.587408978523065,9.958894376326063,Wheat,Late-season,0.0,0
22.716155999198495,35.24173183145655,46.89890052577335,2.4432052140118796,Maize,Late-season,0.0,0
28.292787960031912,63.29592719248484,52.606743009350375,19.748453956678414,Wheat,Late-season,0.0,0
37.34301089687018,77.33958459910383,36.54409233005653,15.623188325989673,Rice,Late-season,0.0,0
38.056973107796395,52.93623624753112,51.583286981388326,11.178849196435586,Maize,Mid-season,0.0,0
38.85354860062364,53.623929152706665,33.07378689523277,4.92542496042651,Wheat,Late-season,0.0,0
40.08994974619519,22.2912092820035,52.96265861458542,3.745690942250484,Cotton,Late-season,0.0,0
37.134540734587645,45.00554916193329,45.31781544229964,3.7600092641064915,Maize,Mid-season,0.31,0
20.417577469901552,94.59864811699984,9.93966848555257,0.01160118787694962,Maize,Initial,0.27,0
24.228124927892566,67.46797480088256,8.796624748831729,0.028409630712350704,Cotton,Late-season,0.54,0
32.78059392309149,77.45869495966897,51.52567918227527,4.754464121564652,Rice,Development,0.0,0
17.096532036133336,50.56572732743231,27.39085690190952,0.3414469028677538,Maize,Late-season,0.44,0
17.9969486673655,80.61764075069166,57.122841428045895,0.3753231686622788,Cotton,Mid-season,0.39,0
29.10956818209212,42.46742584654054,9.227414140188994,3.471982483856968,Wheat,Late-season,0.0,0
34.091334886200855,23.766950859798033,9.009600945234693,2.5781296560804385,Sugarcane,Development,1.32,0
22.587121470535266,80.26120574726635,56.107542949751966,2.596832420887668,Maize,Development,0.0,0
23.680383933692813,55.73277397578437,17.431594879879984,5.114872309857724,Cotton,Initial,0.0,0
31.294313593171225,46.83605630851616,40.62995952947906,0.6557892212615534,Rice,Mid-season,1.16,0
28.583266671055583,53.70123065297315,37.222563364943554,4.901265265759135,Sugarcane,Late-season,0.0,0
33.43066497303187,38.14487602366472,44.267394787862436,8.644903569908596,Sugarcane,Initial,0.0,0
39.75337564896304,74.0491358962335,27.07950970022565,0.8635840194756597,Wheat,Development,0.3,0
37.24200843273146,74.12911645378844,19.93508760761833,2.574558447149515,Rice,Mid-season,0.22,0
20.104067167643358,78.72624779875497,44.32712953678761,4.5006816358907145,Rice,Mid-season,0.0,0
30.748195980952225,55.0225999972708,23.72039104681695,14.104569454520405,Cotton,Late-season,0.0,0
17.751094477782367,47.01754391003209,19.871630751148906,9.248380685685145,Sugarcane,Late-season,0.0,0
36.30117673795219,86.8904108608051,28.859958076709123,12.036570365805982,Sugarcane,Mid-season,0.0,0
17.41081716219047,71.5264449877432,32.15977222513108,2.4522465688125656,Maize,Initial,0.0,0
34.00414147412694,20.327245223773183,14.18241988109593,6.242167656343332,Cotton,Initial,0.0,0
41.08328263847429,77.07783426880872,57.29249892522359,6.062386014385437,Rice,Initial,0.0,0
27.83597841195199,67.57548047834032,59.97064365185969,0.5535856559112821,Sugarcane,Late-season,0.16,0
26.683686672532026,54.32747038694705,16.488549820284007,2.2999272627958507,Sugarcane,Initial,0.0,0
16.413585545061753,77.56757213884387,27.907743754713344,8.63491419891449,Wheat,Late-season,0.0,0
25.02136359921503,85.23223825112831,45.17729985273346,5.2165479013159946,Sugarcane,Initial,0.0,0
35.358621943066325,22.6954006191165,26.710389461465546,13.354299372347276,Sugarcane,Development,0.0,0
34.901606861665385,93.09438585014972,7.87092459747344,5.731568848210151,Rice,Late-season,0.0,0
17.30421608507677,23.22552139002046,41.677666330300696,8.666776336775472,Wheat,Initial,0.0,0
22.225002271655228,82.66101693066457,5.808136376022461,2.3828782782735356,Wheat,Development,0.0,0
34.153340111359554,91.16344668733478,6.728200183120011,6.662828249997731,Rice,Late-season,0.0,0
31.0685552224534,20.744286584587673,30.525233769942712,16.55211110504819,Sugarcane,Development,0.0,0
33.29364122139174,43.38978934376624,47.56952579840194,7.4122971324483995,Sugarcane,Development,0.0,0
38.142498116119626,63.1516552438667,9.20117197453008,2.4110314879893324,Rice,Development,0.77,0
19.9069581491555,52.6630719104143,23.265465096622506,2.0912603611233225,Wheat,Mid-season,0.52,0
24.398581015543776,47.88044711797477,5.074449414350749,1.7819501195560352,Sugarcane,Initial,0.07,0
41.30324998304164,83.52956202379247,6.297723055504102,11.441468746111294,Rice,Mid-season,0.0,0
36.07015533641647,54.34968192526786,26.890291112497657,1.804244849911565,Maize,Initial,0.0,0
21.162354814329877,38.49527262335185,31.62423883406109,6.880619413033578,Sugarcane,Development,0.0,0
30.71963651374224,94.26566701907161,18.153732778023368,3.782963286167888,Sugarcane,Development,0.0,0
32.40396171804328,62.097015721130205,47.731040567997404,1.146947643959007,Wheat,Late-season,0.0,0
31.732833428693407,87.205633384593,51.595694146846995,1.8927555971484902,Maize,Mid-season,0.01,0
41.50463974401609,59.54488856864424,54.853153015294026,0.8949217998567462,Maize,Mid-season,0.68,0
36.86622505873583,91.05464371898351,23.55370775593629,6.454578553281447,Rice,Mid-season,0.0,0
16.63698100379464,71.74998029817075,42.95531070308139,13.339832344103023,Sugarcane,Late-season,0.0,0
21.216774859183896,23.342286758650935,27.860320267724813,1.7970842123857047,Wheat,Mid-season,1.27,0
24.565229650708257,91.1803397236133,57.92706116432814,4.849889581099484,Wheat,Development,0.0,0
29.75758283487196,52.461200165710196,7.4144968453652815,0.9061094871259683,Cotton,Late-season,0.64,0
20.64800756601405,23.748427149475905,51.40073152285031,19.867505515976198,Cotton,Development,0.0,0
38.052192886026006,38.1482847737784,57.83448365322599,1.096540234206891,Maize,Late-season,0.31,0
41.86012093708068,73.37921043095366,58.96290524855021,4.214501812797032,Maize,Initial,0.0,0
26.798888912971762,64.51707015340895,9.019485911485823,4.868848016974755,Wheat,Development,0.0,0
20.132906544160647,79.44463372162875,54.93443365787906,14.38544517946248,Maize,Mid-season,0.0,0
29.079410245479743,93.29809309936277,46.65206139239414,0.8817258724042814,Sugarcane,Mid-season,0.4,0
21.26507538032986,54.36759877946254,47.974186233792345,16.115396325883392,Wheat,Development,0.0,0
38.09058859549599,65.22982296278875,50.94743069631692,7.6721359430673175,Sugarcane,Late-season,0.0,0
29.90373815725947,80.35648414922711,7.533120380447601,8.253364605847999,Wheat,Mid-season,0.0,0
34.679258941288566,27.154945798490797,28.57861115425385,0.14801829901126068,Maize,Late-season,1.15,0
32.88571831592884,28.887696769861368,20.888671640004112,2.5361324214142518,Maize,Development,0.69,0
41.817885416420026,23.36834742467119,46.85543579224656,2.323879121527445,Sugarcane,Late-season,0.63,0
35.36515428036961,88.88198241090565,57.301072697640166,4.303364717227319,Rice,Development,0.0,0
41.79594181311903,48.97423798073494,36.561268975748234,2.685881328179585,Rice,Development,0.74,0
39.36038289348043,85.8016709153945,58.59047312735917,0.13952465667470498,Maize,Mid-season,0.46,0
35.29784867205552,37.15208070502736,57.597605136314016,0.8018880495636255,Cotton,Initial,0.12,0
40.66239760553299,63.62167197418952,29.013780437282136,4.338560505970516,Maize,Late-season,0.0,0
35.48695885144778,41.18720494796392,24.41777153801663,11.226031136902604,Wheat,Late-season,0.0,0
25.82542758677226,77.23312727009812,50.27384568898726,10.986056967278975,Wheat,Late-season,0.0,0
20.520443923477217,39.148180737794874,21.263207072288232,4.5045786860723105,Sugarcane,Development,0.0,0
16.921273699682686,25.175569445961223,56.743148627670934,3.5354236725789976,Maize,Mid-season,0.0,0
36.8937216872138,82.6869445932887,23.270506821358254,5.914613885831744,Wheat,Late-season,0.0,0
19.093067019602685,85.69123126377927,34.65020040048048,1.6597195097022186,Cotton,Initial,0.0,0
25.579247008654498,61.00253904175762,34.261192344133846,4.463250555125219,Sugarcane,Development,0.0,0
24.778758879565665,74.23462054119156,16.030813809014063,1.138132784587567,Cotton,Initial,0.0,0
26.81201201842166,86.20507855050666,7.854551897301995,1.0605155438972027,Sugarcane,Development,0.42,0
34.75656788723374,68.04766946019399,27.876914752002026,7.116222207135143,Wheat,Development,0.0,0
39.19310159074492,81.35200618540198,18.90474833490603,1.5834167171353566,Rice,Development,0.42,0
24.098047594371323,94.96579390393207,27.316314273828354,1.2454387688096102,Cotton,Development,0.17,0
30.94722151785522,69.57606906854903,9.315069897441816,3.9317644317620526,Wheat,Late-season,0.0,0
19.51767520802863,78.54737880691678,37.10750292827614,15.20592755555257,Wheat,Development,0.0,0
22.163805713997608,65.11654094748681,21.310795171326188,6.266238300943795,Cotton,Initial,0.0,0
17.76793102979481,58.53908481550758,32.98898055750807,2.304472380936284,Rice,Mid-season,0.17,0
37.34267063657697,72.29070364322276,44.28796496542486,3.096846221146379,Rice,Mid-season,0.0,0
33.754076535838706,74.67357962418623,52.39299970830399,1.6015193846438724,Maize,Initial,0.0,0
20.271496279825286,45.90064641836659,23.45857498484135,19.204438111263077,Maize,Initial,0.0,0
33.93158626293702,74.52925712115426,35.91400369214141,14.695877652546008,Rice,Initial,0.0,0
25.273978166487154,32.22765026986933,48.24131087435819,6.629646409861012,Wheat,Initial,0.0,0
15.680222176899193,82.92479957885081,5.62798908997405,6.0819104033011895,Wheat,Initial,0.0,0
17.63288679230423,61.923547557483055,32.55983341442084,6.124164062638711,Rice,Initial,0.0,0
29.599833312593812,52.21969576820485,21.985893320403747,3.2914525845160005,Cotton,Late-season,0.0,0
36.6000940076194,61.4530306788909,26.810452509447977,0.7061765505724636,Wheat,Initial,0.23,0
19.246376620852313,43.23408944068244,20.952504257934027,10.255788018501551,Maize,Initial,0.0,0
36.51039772416705,38.785092409437425,39.36807547838494,4.24019381061268,Maize,Mid-season,0.49,0
15.328232829889444,70.55149392940945,7.850968951585096,3.979873036849448,Cotton,Mid-season,0.0,0
20.168547373487648,50.874159534252684,56.4246937511321,2.815335517583821,Sugarcane,Development,0.0,0
31.348628698628666,38.53486659960439,24.572011759256625,0.438255375881352,Rice,Mid-season,1.86,1
33.29360552859542,25.40833196970764,16.297077466291615,2.4018138328639793,Rice,Initial,1.72,1
36.19126921988976,75.01150598690779,11.390502608899528,7.593323993624747,Cotton,Late-season,0.0,0
41.73976811395604,44.39404294434139,56.76998465330184,12.309728309573698,Wheat,Development,0.0,0
29.004926848276064,33.45235115091578,58.387209997535926,0.6012626257777125,Rice,Initial,0.81,0
20.12501318024821,63.66374225694423,16.24423156722508,3.6667662291687213,Maize,Mid-season,0.0,0
20.543989345083595,56.22797731691675,19.7693565837184,1.694607823168569,Wheat,Development,0.18,0
41.15050795589709,65.27279004195313,9.233870688573145,0.39296337244275537,Sugarcane,Mid-season,1.57,1
26.62011824165142,72.18481082415836,30.19122164175423,0.48307905162610976,Wheat,Development,0.34,0
32.32406153833857,72.78442332428807,25.52928979545174,4.146667283111223,Rice,Initial,0.0,0
33.14551304631084,63.76677254936139,33.91659207575242,1.4352404795419162,Wheat,Initial,0.0,0
19.70020523340859,28.77995310681265,29.69966097560207,4.737077489044118,Maize,Development,0.0,0
40.35454159111406,20.50115969179158,47.47655583409386,4.906877271168191,Rice,Initial,0.38,0
26.02009565340085,21.154616876848134,37.060933124234474,1.4591301618925725,Sugarcane,Mid-season,1.54,1
40.85468740726307,49.92764882318261,51.18908836654347,1.0446046558564828,Rice,Development,0.83,0
15.224638440134184,52.51870944744608,10.094401567825196,6.899262764478805,Rice,Late-season,0.0,0
38.25562989700745,81.2939233525116,33.19995168439768,2.8846934083435256,Maize,Late-season,0.0,0
21.187642682782375,61.01569744070334,41.887153896027904,6.034345570614285,Cotton,Late-season,0.0,0
32.65784049317463,81.3777174861003,7.751021725161172,12.124966792318192,Rice,Initial,0.0,0
15.426956298289976,25.78588764046864,55.11425568490435,2.1914460958775974,Wheat,Mid-season,0.27,0
20.81429829732892,64.78218276400398,37.71417680727843,2.3276712934937636,Wheat,Development,0.0,0
36.7374385993829,81.72378537813256,56.299077947301875,3.9290978392501765,Maize,Development,0.0,0
28.867498256696763,39.001787754474606,59.32127757876885,1.7229960423517474,Wheat,Initial,0.0,0
39.860698428510645,63.83366823180695,34.60825687906424,1.5657072429293193,Sugarcane,Initial,0.0,0
39.17434440713557,69.98472856451268,48.30628647137831,3.0288457321064928,Cotton,Development,0.0,0
21.706357436066604,72.90956227126148,28.51807335368355,2.921872099519876,Sugarcane,Mid-season,0.02,0
40.27957677966102,24.80047599564657,50.36087805408542,1.729262240730678,Maize,Development,0.59,0
15.591659876925242,42.57845583757348,32.64471834465718,0.28907826423977495,Sugarcane,Late-season,0.62,0
17.84561688891074,77.33305460566282,27.531907935679595,5.323572545600616,Rice,Development,0.0,0
19.306291088616675,32.03469607034198,8.877057010372955,1.0268049183884456,Cotton,Development,0.95,0
38.80564651977472,81.05942641933714,42.682387043096625,0.5850958690531574,Cotton,Initial,0.03,0
23.36478563370666,38.74677097982159,33.32531128403477,3.83454791469922,Cotton,Initial,0.0,0
24.55230728588377,82.1416698429561,48.41110665758271,1.8393716297835185,Cotton,Late-season,0.0,0
32.06984813935662,48.014013267476564,19.932431480002734,1.3184190102528184,Rice,Initial,1.19,0
39.39607797267832,25.823058199158595,50.58792019391272,2.1453839774277332,Rice,Development,1.03,0
36.45111210850925,86.32824102672285,23.962978103995585,3.098029170667347,Rice,Mid-season,0.0,0
31.484762385416463,32.02740545898074,42.05049796111992,0.9877034469695107,Sugarcane,Mid-season,1.47,0
28.2131641222081,52.22064440992725,45.73443818919038,9.93786453098682,Cotton,Development,0.0,0
36.31466924327016,42.25900115148879,34.775328558649775,2.11735589646599,Maize,Late-season,0.25,0
39.05309944454496,38.115263127626136,24.48492299694686,0.5565882570548336,Sugarcane,Development,1.38,0
29.019063411065538,65.58145123217395,18.49437727914161,0.2973285639384077,Maize,Development,0.58,0
20.927955927204653,91.98971020350915,38.896526725914825,4.069555759654726,Rice,Development,0.0,0
38.52964737716641,70.92338697785314,27.652560722962278,7.003886283778073,Cotton,Development,0.0,0
23.843908459863577,61.001394132446656,36.64751630073816,0.11195138679381814,Cotton,Late-season,0.42,0
31.35222301173211,28.790292926017507,23.546361656116364,0.7706648613371263,Wheat,Initial,0.55,0
20.56880707357612,49.389452989101954,54.262112769032825,1.1427681936507676,Rice,Mid-season,0.43,0
26.320334851482592,21.35930307842973,48.6016962465047,0.35772655764686,Cotton,Mid-season,1.42,0
30.13831396335165,67.13198424609402,42.87473961193316,1.4602739846099724,Rice,Development,0.28,0
34.53297888358262,60.174244951068395,50.98647367639868,8.612707276657229,Rice,Mid-season,0.0,0
18.43943323200916,41.413158508888365,34.23675682262463,3.572485334396484,Maize,Development,0.0,0
25.92335372290847,56.325831971863145,5.73522257926676,2.6359543379633683,Rice,Late-season,0.39,0
15.418724926917989,41.06614738896828,16.43759976091645,0.21446145610230927,Sugarcane,Mid-season,1.42,0
29.627546035224206,92.60493590380692,8.661060035282258,5.225139709923749,Cotton,Development,0.0,0
25.13766106859551,80.2860908895085,28.840972801559893,29.359267299804664,Maize,Development,0.0,0
23.671378121170743,36.508349442856485,24.2786293857389,2.330323176468781,Maize,Mid-season,1.04,0
24.978503384522874,54.81788898044187,44.75057637313426,5.34618234187654,Maize,Late-season,0.0,0
15.225819410675141,36.3250549685402,41.392635861992105,3.3081395470501223,Sugarcane,Mid-season,0.13,0
36.721355345659205,77.9607179967753,35.16305396464595,0.3438751498821395,Rice,Development,0.61,0
29.79687362993448,59.08048928812909,24.261164509990166,5.657848557439808,Sugarcane,Initial,0.0,0
15.394962989697245,35.543172482665874,44.227972744583525,2.443854572159962,Sugarcane,Initial,0.0,0
24.367991812833075,49.30663642472278,13.727338052932671,1.4935871577617645,Maize,Initial,0.0,0
32.661583899752586,86.68459429550074,36.83437149815673,5.003681439657029,Wheat,Late-season,0.0,0
27.795872943134775,73.72978339685741,19.9018484074001,1.1298262711589633,Maize,Initial,0.0,0
21.520516955806503,36.118447777729685,28.366796357744782,11.921064783844441,Sugarcane,Mid-season,0.0,0
20.073850282013723,25.772875203565555,43.28858798258589,2.4128007830491347,Wheat,Mid-season,0.61,0
32.806790753300795,79.71810879060264,19.95703216801468,5.894107541012077,Maize,Development,0.0,0
35.20228644596119,36.87814071281541,34.07984305041396,8.741135725559698,Cotton,Development,0.0,0
22.51835375208647,69.10318065172243,50.307206768951765,0.3261086679830576,Cotton,Mid-season,0.49,0
37.18449418996782,54.61421956914551,59.081811125015705,7.725473787223819,Wheat,Initial,0.0,0
35.191641509125944,31.29560774137055,16.947698754915592,3.118013533169277,Cotton,Initial,0.0,0
38.98853096791886,81.82451689094519,39.65219331639902,9.763882139225252,Rice,Late-season,0.0,0
20.42875910534852,58.56507800070044,45.492588539070255,2.8672263687267203,Cotton,Development,0.0,0
17.54684050985818,76.10035522785526,49.69924909411841,6.135147148950837,Maize,Late-season,0.0,0
39.383530652666536,90.0178312593236,49.074139553059474,5.608261034402458,Maize,Initial,0.0,0
27.577295337024367,62.837172396677076,21.72166498463998,1.9143939040966256,Maize,Late-season,0.0,0
39.076193360474136,83.68842541262782,27.330649093836083,0.06896620648466499,Sugarcane,Late-season,0.52,0
23.4293019418753,21.180718474675775,5.943238005335896,12.420732792197821,Rice,Late-season,0.0,0
23.341811731840124,29.948343320071487,33.13996448422924,0.026802513555290158,Maize,Late-season,0.83,0
26.200008223501577,50.17512164279996,26.48264841699802,0.3592436406229328,Cotton,Mid-season,1.28,0
34.79109772996554,70.70940481912177,12.613952133116687,4.323714344882249,Maize,Mid-season,0.0,0
40.06091664907669,89.6854640011597,23.80479029580197,3.750465962435363,Maize,Initial,0.0,0
41.88203995646985,93.58384309009519,40.7229911339096,8.158777018532883,Sugarcane,Development,0.0,0
31.015271914065643,24.00109977416733,30.012038840396357,5.616363904695659,Wheat,Late-season,0.0,0
40.425683639766824,32.55177741775857,32.51976954185584,5.870192960707369,Rice,Initial,0.26,0
16.88461767459498,61.60157823350647,46.12868923676548,8.310465582143921,Rice,Mid-season,0.0,0
20.51249709754256,23.175670907928787,36.88493864034736,3.0157195628355247,Wheat,Late-season,0.0,0
33.50567427304215,21.87246665900429,14.42887971907985,3.0218276897037106,Sugarcane,Development,1.09,0
39.57575194142943,67.92741191861907,57.44443038183299,10.669093294107622,Wheat,Initial,0.0,0
37.512382674808336,68.19332077427255,9.320680700804992,6.746240113717896,Sugarcane,Late-season,0.0,0
31.040235075382235,72.69801543936717,8.659018451597039,1.3119865755907454,Rice,Late-season,0.43,0
31.640491290288203,38.47145141078987,42.98738741314036,4.541320408485623,Cotton,Mid-season,0.13,0
38.92452275345662,34.749018871471904,45.55843471738725,1.6880012053853386,Rice,Mid-season,1.25,0
20.414930401822197,36.217025684583476,43.01664951625972,4.6195931907687635,Rice,Late-season,0.0,0
40.40087909161653,78.19336496054794,12.036530848148075,2.13477497067831,Cotton,Mid-season,0.4,0
25.690962896185333,70.19814568714094,54.054120679110945,1.8267873807845834,Maize,Development,0.0,0
16.917942004188056,35.80948261625215,17.61511773707198,3.1659759108498404,Wheat,Late-season,0.0,0
19.522259405540908,31.04566726640682,58.51922388517641,7.1208640215077725,Sugarcane,Late-season,0.0,0
19.20042879547116,35.54547343007507,39.681951787070076,1.2404276009012758,Sugarcane,Development,0.46,0
21.92450264745268,46.648981135541575,42.069681448015174,0.3230384428183206,Cotton,Development,0.57,0
36.843638287875265,31.019144268782807,23.845483058738683,9.99978591018371,Wheat,Mid-season,0.0,0
23.165326804520483,62.25562733628906,49.20926897659113,0.7375633156735949,Wheat,Late-season,0.01,0
23.19784632988369,43.37673713862811,5.1727498326467165,0.9572761200093677,Rice,Initial,1.39,0
27.40876954476782,42.98476010321153,50.23096661519449,0.2933321887280849,Wheat,Initial,0.29,0
20.149601664954155,46.029677637454625,35.098063623135374,24.001596919049263,Rice,Mid-season,0.0,0
20.37964076902448,23.372108119366334,11.949606472298083,4.134023777417567,Rice,Late-season,0.45,0
25.029616090858173,34.63748879139878,31.91658955736238,6.7670346863203505,Sugarcane,Late-season,0.0,0
33.550057065726975,69.35619385618928,11.43564486718704,8.04014237126251,Sugarcane,Mid-season,0.0,0
35.58606788422145,29.450152089799573,15.803056872960957,15.125272562192738,Cotton,Development,0.0,0
30.328637584138473,63.44858499964534,31.929345412763464,5.174600686113209,Sugarcane,Late-season,0.0,0
29.9218812299722,47.91299414351728,41.3916992796054,0.7612331381052285,Sugarcane,Initial,0.2,0
22.523362704105985,36.40323502426874,15.056077892784941,8.73520080051758,Cotton,Development,0.0,0
41.188016184320155,62.8445352452823,12.865061746614952,2.3464053987741575,Maize,Development,0.27,0
24.919549674820903,26.526291372709156,35.623170101050334,9.325550766240665,Cotton,Development,0.0,0
41.69008449587706,21.892800938619814,18.895531684170766,3.670617404831523,Sugarcane,Mid-season,2.33,1
30.901193023530233,76.37571290171894,39.2912806785613,4.584973154365154,Rice,Late-season,0.0,0
25.166317770311053,37.4041804775867,19.59535613810865,4.040966411525177,Cotton,Initial,0.0,0
22.93662572745623,37.78135313880051,57.16766187700071,14.471814454810643,Maize,Development,0.0,0
36.21694142764608,64.24609121013566,5.353936632323764,7.4033831515791535,Cotton,Late-season,0.0,0
31.611848638625176,77.03182337618537,33.210719062612114,6.088385931340467,Cotton,Late-season,0.0,0
25.14673542784433,73.1091376175469,31.16282999060273,5.610422877434726,Cotton,Late-season,0.0,0
24.19111201508501,58.29355680946699,38.83210272976599,12.07349274895966,Wheat,Late-season,0.0,0
28.534442404894694,23.76822573672366,6.920135396092309,4.005443586682345,Sugarcane,Initial,0.0,0
37.657870664468064,32.05096885338839,6.373441416437728,2.9804541576218884,Rice,Late-season,1.42,0
16.339588080148612,74.34487151357217,11.137614997648612,4.6865441128329985,Maize,Development,0.0,0
33.78186561355957,65.8078048013779,15.991269920506673,0.2856304808004729,Maize,Mid-season,1.21,0
35.86482833095714,37.76999936799865,42.256622143888,4.171037708251309,Wheat,Development,0.0,0
15.517198109883829,82.01439207295648,33.86046007137877,7.463700701425875,Maize,Mid-season,0.0,0
24.31726112885731,22.25779041584892,57.88207785157617,5.511112589061934,Maize,Mid-season,0.0,0
22.168403000584952,65.85977084192456,42.31749825609508,1.9103278773241574,Wheat,Development,0.0,0
40.57335949830669,86.36413382720032,45.64868367666549,1.624944869983028,Maize,Late-season,0.0,0
41.01072865204303,20.7713371951769,44.38274852831795,6.125065749837182,Sugarcane,Development,0.0,0
36.45098208204466,40.85968666149593,12.824038187724849,1.8782928611478211,Sugarcane,Initial,0.25,0
17.402722301121358,94.37720550293389,34.75515944102143,20.94736930107366,Wheat,Late-season,0.0,0
20.359259014344424,32.36635824238538,18.199415012847663,6.191659209446775,Cotton,Initial,0.0,0
39.657282371379324,34.204506341363455,5.276460393539171,0.3098898660512695,Rice,Development,2.77,1
32.4829445507708,40.478046449585506,14.745587555615511,1.742589634060754,Maize,Development,0.78,0
40.421388577679906,78.81546307739501,30.43151473018974,10.01101769877118,Sugarcane,Development,0.0,0
34.36225534874923,84.20993742603076,24.622279139279993,7.083034813268526,Sugarcane,Mid-season,0.0,0
23.06914265199383,28.029288391563952,29.20319255801693,6.541334379324901,Maize,Development,0.0,0
31.302518782085595,84.73516533018042,50.23720571096249,0.9518274309586425,Cotton,Initial,0.0,0
18.15693545918557,71.16148711712262,57.24448175353418,0.7372212634545141,Rice,Initial,0.23,0
30.757335999218693,49.259017601625445,24.53224062645969,0.23152451729814927,Sugarcane,Mid-season,1.62,1
15.409775821744326,63.60628291865154,10.821927973284986,10.318604565400694,Maize,Late-season,0.0,0
25.787007183847237,44.509602939333305,5.594609599935799,8.759360493377885,Cotton,Late-season,0.0,0
17.820271988704086,63.264303584952515,30.518993399178807,0.6318375474465349,Cotton,Development,0.33,0
20.796788961510597,25.042563506792085,37.71660587260503,6.713620932495302,Sugarcane,Mid-season,0.0,0
32.7853762456296,59.921890696359085,10.679575488127663,0.9468751323152913,Maize,Late-season,0.51,0
23.001655564858787,90.37367964884871,50.03071262162279,20.542381689356006,Rice,Mid-season,0.0,0
41.182538085545374,52.34254023436684,24.113533742256504,0.25830642606752446,Sugarcane,Initial,0.54,0
33.68430391055968,54.344674582552095,17.458689431985814,4.7592049292871925,Rice,Initial,0.05,0
30.59605736729941,46.94065602370178,50.29537246365005,8.593367431283085,Maize,Initial,0.0,0
36.436093418219045,31.872792507921076,7.848223880304928,4.0744341387391065,Cotton,Initial,0.0,0
37.53395572007234,46.87509925037553,55.20908446051165,4.169962527532208,Cotton,Mid-season,0.0,0
37.23783749022228,48.84583069840761,30.251821280767448,1.8069006287531841,Maize,Late-season,0.31,0
18.20338167502267,90.03120672511025,42.612654850943876,3.7918659851665666,Wheat,Mid-season,0.0,0
27.84109717919422,50.58110787520492,13.867034658631741,5.341525194576521,Wheat,Late-season,0.0,0
30.179097898742178,73.60649573329593,8.764774891130923,2.7035641137150757,Maize,Mid-season,0.28,0
40.33901827178217,69.6333299353729,9.224167657293183,2.1899379219915143,Sugarcane,Mid-season,0.8,0
25.88660941559781,82.52330078563793,49.80690525904941,4.7315725948509915,Rice,Mid-season,0.0,0
21.894082091607594,27.9405738659847,24.519372591760472,2.6651219939284987,Wheat,Late-season,0.0,0
32.77031525603448,25.25811047309427,26.739262348713677,1.003113227188961,Maize,Late-season,0.91,0
37.33715804290564,23.143641253719316,28.055058174616672,0.9208382334480892,Cotton,Development,1.39,0
30.040093858425948,37.35354772826361,32.633500794150706,6.574267822364975,Rice,Mid-season,0.0,0
20.952042114626312,86.46363290970089,56.38672627921196,12.409787685418447,Wheat,Initial,0.0,0
32.00515766973711,50.24079748878671,46.381883526708336,3.7888980596113253,Cotton,Initial,0.0,0
26.568363403917477,74.86223480323542,50.3459334682502,0.7916752741484376,Cotton,Development,0.13,0
29.588006358338298,83.34994318176683,28.721593848755802,2.382446965136942,Wheat,Development,0.0,0
21.736583151434026,61.0603617396739,20.09115328614231,11.592708896696948,Maize,Mid-season,0.0,0
22.343962344297612,20.4784282554943,58.809513288127114,16.869936262375717,Sugarcane,Initial,0.0,0
34.66601306717044,45.93545738078187,41.91012363972868,8.184817523676712,Rice,Late-season,0.0,0
25.320810803391375,66.45075906026835,29.992173496397406,7.574942070981285,Rice,Late-season,0.0,0
20.160566388120216,54.47381147446794,28.704114605645213,1.8155676557713907,Rice,Mid-season,0.53,0
16.773687145220798,86.53394879177738,28.091678372747467,3.434787068764103,Rice,Late-season,0.0,0
18.523534131163974,62.406497570580676,29.32387520857575,7.977948036351358,Wheat,Initial,0.0,0
33.64095449159895,45.54086266099227,49.273005171959,0.2690681050094791,Maize,Late-season,0.54,0
24.061828370403617,25.760558080196095,17.924685264408037,8.864226859197787,Cotton,Mid-season,0.0,0
18.657407493456653,37.36064103239735,52.76252381708137,13.049887246049575,Wheat,Development,0.0,0
16.366806751265003,22.954387526961455,36.56724263379557,2.4952685018443055,Cotton,Mid-season,0.68,0
30.747814592439035,20.847690244176686,48.30545769821001,1.829535884361161,Wheat,Late-season,0.03,0
24.831044925283486,62.46612618144624,5.344160906455863,0.3194174209015165,Maize,Mid-season,1.23,0
30.283934454100457,76.35897083445077,12.258092579317896,3.599335842945825,Sugarcane,Late-season,0.0,0
26.083386439634975,32.25024860667929,17.198008800577522,1.91036362812799,Sugarcane,Initial,0.14,0
17.36496502996055,26.743718364477672,15.628717837879249,0.2594104329822299,Sugarcane,Initial,0.55,0
17.255172696360507,35.83444569185281,46.38575856725719,0.2632808448768751,Sugarcane,Initial,0.27,0
26.93688993635244,45.080088424156145,26.70147734254081,3.7744809074023227,Maize,Initial,0.0,0
30.443888713657003,80.40742469749898,46.80885113845875,0.835588052049445,Sugarcane,Initial,0.0,0
22.24070792911266,47.080604475577786,27.465056977466542,5.692442665775756,Cotton,Development,0.0,0
15.936163014103792,49.39329222079318,43.34400306758893,1.0748560735327195,Cotton,Late-season,0.1,0
38.92432493796494,87.17674581999624,21.350796235472956,1.306783262156281,Maize,Development,0.16,0
21.494352799864014,70.42878824687777,50.433557650155706,5.590384468442902,Sugarcane,Development,0.0,0
25.7187883796018,31.723772803164564,45.58730210686757,2.2351439594779685,Wheat,Late-season,0.0,0
22.307386433507673,26.09222261050045,59.591998751826985,0.8492078318230081,Sugarcane,Mid-season,0.83,0
19.56466801787234,46.38537548077644,46.892173191751446,3.5370665384013233,Maize,Mid-season,0.0,0
27.627392737091682,66.45424770248763,27.61547617282201,2.7885944142798054,Sugarcane,Late-season,0.0,0
30.23425905048247,83.7930896011337,16.08406079034721,13.623416747176256,Maize,Late-season,0.0,0
37.228376742360815,61.714301947250874,47.873418578323495,0.08166529251670322,Wheat,Late-season,0.3,0
16.083749195304897,86.74350322721469,59.55795109812538,1.7411780077289922,Sugarcane,Initial,0.0,0
35.6648108241671,38.97697556901899,52.605931074471194,0.5426197488699128,Wheat,Mid-season,1.13,0
41.43709198771662,70.53791737025034,51.578797343592406,1.9602478314211715,Wheat,Mid-season,0.12,0
31.044529337332126,65.23625900922102,42.53928527457469,4.282557903060909,Sugarcane,Development,0.0,0
18.8716749902941,21.378960661369796,30.523667917247757,14.328952603029144,Rice,Initial,0.0,0
32.85079831757481,68.91765148493306,18.809405701584225,5.255189299225593,Cotton,Development,0.0,0
18.294200166576005,72.60374641697675,11.23924494071542,28.896656681692,Wheat,Initial,0.0,0
40.07920784583027,44.89786285518841,30.593531366671733,0.06888440838807922,Rice,Development,1.75,1
37.73442286068209,56.203510480770085,47.760050695031204,5.586638678169987,Sugarcane,Late-season,0.0,0
28.30017314098898,67.50588051815953,49.303925246683136,2.5365272638638485,Sugarcane,Initial,0.0,0
30.575792435402626,62.29396750667178,32.51531943642682,0.3595969222453063,Cotton,Development,0.56,0
18.442113363786646,80.01547607626844,52.46549753369748,0.8166403249795239,Sugarcane,Initial,0.0,0
22.920542378907264,59.41027305169199,43.38080320278435,11.526148494521472,Rice,Late-season,0.0,0
33.261748832563555,70.97248867963577,57.02585542176476,1.7536354626184048,Cotton,Mid-season,0.02,0
17.2050164482226,89.3215303095996,22.92029034237666,0.6835373137988726,Sugarcane,Late-season,0.37,0
39.37304878202462,82.79472553538815,12.00532103963346,0.6749258849010719,Sugarcane,Initial,0.15,0
37.45099499403004,88.87981565611685,40.73834257203648,0.5459174856321205,Sugarcane,Mid-season,0.58,0
34.681358402839244,78.4865663007551,11.502024226009873,0.00015359658607904747,Maize,Initial,0.27,0
29.967630392841965,31.11630965744935,10.065431480977438,8.444471260644065,Cotton,Mid-season,0.01,0
37.237373361551114,87.40909173030107,35.42115840821043,8.36343621774754,Wheat,Initial,0.0,0
41.69855934750744,36.92957928793456,26.444486046009434,3.270087908845773,Sugarcane,Mid-season,1.53,1
17.188042482556533,82.22921497412183,58.72369050551724,2.593659512821362,Wheat,Late-season,0.0,0
41.88036031324857,63.70358370085111,49.68606015742944,1.979611610881493,Rice,Initial,0.24,0
28.20396593330574,84.46672976884527,37.576575408415266,5.931544875400458,Rice,Mid-season,0.0,0
34.939658719784006,69.99628136595292,11.575909876363106,4.2506760289184715,Sugarcane,Initial,0.0,0
36.71058308010701,51.94532813502046,59.70762908580679,0.48531097710309107,Maize,Initial,0.08,0
33.18994680563823,77.5624122943029,21.9141387519751,3.38690549860238,Cotton,Development,0.0,0
21.278615953763087,36.952489759148904,35.307802431221276,3.707104975367528,Maize,Development,0.0,0
23.048042564170217,40.83838724049241,47.43316340991682,5.27633985350882,Maize,Late-season,0.0,0
27.802435999343633,25.002041105408665,7.645077072661949,1.7525061974508784,Maize,Development,1.08,0
29.126752484213622,40.38398870600969,26.954173698106075,4.5639232693337775,Rice,Development,0.27,0
19.155826764138435,93.2773757408882,34.962472484053386,0.7291091596716346,Maize,Mid-season,0.56,0
27.586902960444036,34.24521023431707,43.595605063249145,4.064888725041598,Maize,Mid-season,0.25,0
39.60615813212303,21.570058837004996,22.36752331872228,0.29281616538810595,Rice,Initial,2.58,1
33.9569012610724,44.85141640522377,42.161459621389014,2.520385781542645,Rice,Mid-season,0.68,0
27.262958893891064,50.920979587374916,56.410145351856556,1.4442744656237738,Wheat,Late-season,0.0,0
30.652741485623185,45.92187451823011,49.867317254930896,3.1436192093526234,Rice,Late-season,0.0,0
19.48341808000148,24.58285007147242,32.46166203078789,0.5621343254956376,Sugarcane,Initial,0.38,0
38.5616869487535,53.906494760852446,59.21929264676132,0.0009327278460295929,Maize,Mid-season,0.92,0
31.643560789040492,54.30822919024162,26.832138511386106,3.0383636621086647,Rice,Development,0.41,0
34.723296892022084,30.151657622996304,15.870157132512158,0.995415621777453,Rice,Mid-season,2.4,1
29.18197730710275,28.340656050366405,52.749311242957724,1.7645639436993266,Sugarcane,Initial,0.0,0
33.24177535915257,22.856472544948947,39.09827106807903,5.989927663914241,Sugarcane,Initial,0.0,0
16.133029982978126,47.27340191895872,10.422682663306507,0.6191945821277707,Maize,Late-season,0.51,0
29.58753011606037,25.946021347339382,36.12178081722857,11.93084151461727,Wheat,Late-season,0.0,0
23.0007966512946,30.760209276351503,13.329503706444653,2.8349651529765896,Sugarcane,Initial,0.0,0
17.176615939579246,90.46764417688743,46.53234895948577,4.416987454458694,Sugarcane,Development,0.0,0
17.16504243392706,55.76291582998433,39.65512197739149,8.820319954677121,Wheat,Development,0.0,0
22.48086974226179,90.56601271694032,11.839021278697869,10.402555311912373,Wheat,Initial,0.0,0
25.64167326313096,65.25006471590261,49.09263612552177,3.1698525299374447,Wheat,Mid-season,0.0,0
41.882221507059825,20.787023085495832,54.22859088681852,0.8075432349648771,Sugarcane,Development,1.02,0
31.684152115850047,45.6385464123569,53.06312255365601,0.06495625012789026,Cotton,Initial,0.3,0
30.306105498737473,46.36566950372735,38.57076224250802,0.12202801012863904,Sugarcane,Development,0.89,0
18.431598485897858,34.196273443700704,30.26322924402985,6.974228086453284,Wheat,Initial,0.0,0
37.55505831767464,34.766590383176265,29.26328037268478,1.1120415943100523,Sugarcane,Initial,0.41,0
28.595768500820924,25.10817685426419,16.999588127630027,13.696014325308665,Wheat,Initial,0.0,0
27.02543620140255,21.092536606345917,18.60698608820902,10.060501109604507,Sugarcane,Late-season,0.0,0
20.95316626419823,66.92380920704574,36.43842072156191,1.0218445033475796,Cotton,Mid-season,0.44,0
36.269039084163985,41.252305166833864,51.04804700219999,3.915339009466845,Wheat,Mid-season,0.13,0
31.88390891201429,20.92557845452805,12.862848268041368,6.779670433147544,Cotton,Mid-season,0.9,0
31.14624616787624,48.882695211727224,52.01431783395938,15.226220620029242,Maize,Late-season,0.0,0
22.30673985672711,34.56221517845617,31.093919149140426,0.03680588974393823,Maize,Initial,0.38,0
29.938847269821004,59.03370531239645,59.702009396939296,1.1272424993653098,Cotton,Initial,0.0,0
16.314760906798103,27.35057635855558,7.423622386370976,1.0245345855551027,Rice,Initial,1.44,0
27.18221616916954,44.77936052492124,37.40680378913205,3.028231587514221,Rice,Initial,0.28,0
40.29705232074075,93.80236357093476,48.80664141312694,7.068494087246464,Rice,Late-season,0.0,0
24.669772346286898,94.21290000382419,42.63728369089396,14.877753202898802,Wheat,Development,0.0,0
25.31776582047937,61.60488524617657,9.221693403880591,0.020981177611591673,Rice,Late-season,0.98,0
32.329126953638756,50.809160749970886,31.930424181761794,2.6845049229518643,Sugarcane,Late-season,0.11,0
24.055033367871488,33.281169154796736,10.41333040057528,15.700373348319916,Cotton,Initial,0.0,0
19.576610480383582,23.82311577668318,38.964101328427134,1.1646023308446838,Wheat,Mid-season,1.1,0
18.033841012622613,44.89898535745271,47.989790692928594,2.8728358403560317,Rice,Mid-season,0.03,0
36.12549692974527,94.43859651214785,18.23687831164342,10.369577557225977,Cotton,Late-season,0.0,0
28.226502871379104,67.30380833689469,45.68255937697095,4.737304641880388,Maize,Development,0.0,0
36.882641864817586,40.44879854843635,45.23591657586237,2.327032781911263,Sugarcane,Mid-season,0.92,0
16.8352790951239,33.591917078728216,57.6458329935579,11.042653663683424,Maize,Late-season,0.0,0
29.81188720647659,50.20546135601231,33.57864216916541,28.31268751802723,Sugarcane,Late-season,0.0,0
35.76084120342155,94.55612409841817,5.6093203926870325,6.5498797304643475,Cotton,Development,0.0,0
39.49013293120559,94.36495818705399,16.457346450468485,2.195931687349419,Maize,Mid-season,0.34,0
26.296517401215006,46.83584370016948,37.65793475688987,4.285316942396236,Rice,Initial,0.0,0
27.736975612997853,61.51038321573874,36.36578163022648,1.1792901497912003,Maize,Mid-season,0.62,0
15.68037556016888,46.6123891657372,47.911695669459846,4.149337359383612,Maize,Initial,0.0,0
35.10789165138867,50.930229535089964,15.766558352309353,3.599253662060986,Cotton,Initial,0.0,0
26.894557316570857,43.79791080653649,55.157777130979824,0.3143194697208307,Sugarcane,Initial,0.23,0
19.93428148166077,43.92838057491799,27.853273468413626,11.930653651651955,Cotton,Development,0.0,0
17.465337668706095,43.901720299289266,10.757178379454334,0.6882506633521239,Cotton,Mid-season,1.31,0
16.64435219368632,22.319816104517454,44.292775580877375,2.2443200284105242,Cotton,Mid-season,0.61,0
39.20751577866328,34.722072673330025,6.241048143794098,9.890380829046354,Maize,Development,0.0,0
39.04777829746975,64.77089175598795,49.55885994778364,2.807730177683868,Maize,Initial,0.0,0
30.447320020499568,33.558886292178464,19.7838688266609,1.1072535305364735,Wheat,Development,0.98,0
26.77186987540582,64.55370991751084,37.43094223333512,0.34877047458748167,Rice,Late-season,0.54,0
19.787816937046365,74.23037270372517,47.49690434704916,6.274568244354635,Wheat,Late-season,0.0,0
15.394442921939838,47.028161927237804,38.26616861494196,2.4506341143169585,Rice,Initial,0.09,0
36.56370606962919,89.95647042952349,6.107581692210941,0.8349014240557615,Sugarcane,Initial,0.13,0
27.380001179049415,62.344297920009765,41.46649620477311,5.6826083401094865,Cotton,Late-season,0.0,0
41.91763427011508,74.01180956982051,20.797166506283297,10.59101173847779,Rice,Development,0.0,0
21.917170889862582,36.54882947163114,12.596891122713599,9.798941551541256,Cotton,Late-season,0.0,0
24.627425800672114,88.37944076845818,7.215892015399817,3.5893997234716752,Sugarcane,Mid-season,0.08,0
31.75002380734047,80.2816427008822,9.604871581494162,2.438309196490231,Wheat,Mid-season,0.31,0
38.92978184430437,31.352837844745622,13.353739478514665,1.9916393188451298,Rice,Initial,1.98,1
33.136139199589635,74.69823503579046,36.62833154023481,1.1585122037602504,Maize,Development,0.1,0
18.97513100908396,35.49357621663356,22.22965621193357,5.053946985071075,Maize,Late-season,0.0,0
22.267362416773988,34.897371039640184,48.08629709977111,11.998382485218567,Sugarcane,Mid-season,0.0,0
35.28453095809171,87.27464670233083,51.53683157916274,1.0094389980158063,Sugarcane,Mid-season,0.3,0
15.690384575422836,79.09776001931988,54.67864578023218,1.5558814199508824,Maize,Late-season,0.0,0
17.224961240272602,64.99758936957994,31.710577593385242,3.947448331442655,Cotton,Initial,0.0,0
38.525511675665044,78.88127429298177,20.0534151723104,12.141797739350773,Wheat,Mid-season,0.0,0
38.03988884708727,44.61200542652058,7.957477141409086,5.533579939225105,Maize,Development,0.0,0
21.57642039834506,42.95353746715786,8.50266221263842,0.9747678946871617,Cotton,Development,0.83,0
27.026057069856243,26.319153306347847,42.54589327743094,1.3434698067405821,Maize,Late-season,0.43,0
38.52379393976362,41.70806712261562,48.07685000611733,8.128977472547223,Cotton,Initial,0.0,0
31.141679644833495,26.147430098274665,40.57604759095095,4.903876250696674,Maize,Development,0.0,0
23.292932498813713,84.47596888102497,57.770970062547654,1.2276648776681263,Sugarcane,Mid-season,0.16,0
19.543521889708245,82.73316443524023,35.19002974020394,1.0486433748166777,Sugarcane,Initial,0.0,0
28.800068239216515,65.32347366802398,30.349408601362004,8.82195659983044,Maize,Late-season,0.0,0
40.214380456848716,50.16678011353343,30.7834434278735,6.114680657937424,Cotton,Mid-season,0.0,0
18.833845002506287,42.818139787039684,12.658576452676023,4.733859620160553,Wheat,Mid-season,0.11,0
16.91473090617544,46.23470463556939,52.437307907087195,1.3268170643918598,Maize,Development,0.05,0
40.43557192619208,42.3704340675592,47.65279131954497,2.4971358204079723,Sugarcane,Initial,0.0,0
20.980966347053858,24.212150742748484,19.060150158744882,3.7492612399960246,Cotton,Development,0.17,0
19.52141310198569,54.69451603288648,6.829738414314713,0.6499061241419822,Rice,Development,1.07,0
16.704507548615094,49.7566292341647,31.07034462716448,3.000712956331663,Rice,Late-season,0.0,0
29.311686286396778,55.09853468585325,27.58900849654164,8.508406900427158,Cotton,Late-season,0.0,0
38.03754666832218,70.51599335985432,12.554896028277083,1.6208311221770986,Wheat,Late-season,0.0,0
28.84761804224223,44.06409070623827,37.78275636685226,27.285923153169108,Cotton,Initial,0.0,0
39.85866782102273,45.876262994342454,8.010298880874224,1.1423014656553134,Cotton,Development,1.22,0
20.93014307205336,20.017027866369165,55.325084576114,9.285632827085458,Wheat,Mid-season,0.0,0
35.326913708819575,74.96443904988732,53.19058630482558,6.414802299480007,Rice,Initial,0.0,0
18.2167981438933,58.429461554907995,24.185754910224656,2.3486177371615256,Rice,Late-season,0.04,0
21.33148589720053,76.2034262543117,55.48124857014542,0.5716080524233121,Wheat,Mid-season,0.34,0
35.25704144035752,40.58800051303087,39.35651858560442,0.4232393584251986,Cotton,Initial,0.36,0
26.992951985715898,70.6690080175579,32.98917385384341,9.882464357690331,Maize,Development,0.0,0
36.007250275046374,54.55502001812554,59.386229771701466,3.3008069738118766,Wheat,Mid-season,0.0,0
35.373372752554886,38.64536634599797,34.611723860782675,24.227070263269304,Sugarcane,Development,0.0,0
17.62890613236297,72.97789976074971,24.00687722289472,0.03503375967362231,Sugarcane,Development,0.6,0
21.338369386574225,81.41519528903537,23.553183486517103,8.787477040994844,Rice,Development,0.0,0
21.511460786309573,37.51755208014582,8.750264087100447,1.0358851762558428,Rice,Mid-season,1.65,1
21.04596387050792,47.245459729917464,29.125612513533014,18.970368408857045,Cotton,Mid-season,0.0,0
23.91421065852132,28.01005280017727,57.437158366015225,0.31058431806089415,Wheat,Initial,0.28,0
23.494980541250367,70.55131511629756,51.43731752838104,12.373252126684985,Maize,Late-season,0.0,0
22.657413932262678,44.47116136767099,6.141691766818031,7.154073799725894,Rice,Late-season,0.0,0
38.34561357427413,28.89954608559041,14.453208167475834,3.236344075272819,Cotton,Initial,0.0,0
18.753059540375098,53.005330629987384,31.556820092555764,1.1930987213328892,Sugarcane,Initial,0.0,0
37.58336492061227,57.684923732207416,5.790967979128413,8.122283187679157,Sugarcane,Initial,0.0,0
22.672975984216677,41.67263936907939,25.737966205093436,2.4987745740289817,Maize,Development,0.14,0
19.524296561221675,43.273136157841066,32.68398218333847,7.958986178905575,Rice,Late-season,0.0,0
32.91078841839639,28.866680905434492,27.0823685810682,7.878288174666368,Cotton,Initial,0.0,0
16.074908865035354,40.54910746024788,57.56072069965691,15.35579410874071,Wheat,Initial,0.0,0
16.16370294160475,33.43212044961362,26.57197863884471,14.761419659569102,Cotton,Development,0.0,0
35.61492777904173,28.151190453101904,58.969166756520224,2.403232311918166,Cotton,Development,0.14,0
35.73518940766945,67.14248004854625,39.82947608851757,2.9917536983163413,Rice,Mid-season,0.03,0
35.13437698752926,81.94556893339387,43.31087711792254,12.889913898520906,Rice,Initial,0.0,0
30.170322324856997,70.35545544828027,55.94695523066578,4.82698531078427,Wheat,Development,0.0,0
33.59788359692965,61.39522707953499,18.301100747844423,2.775607805941668,Maize,Mid-season,0.58,0
32.7596653483602,62.32965352542422,56.3126144040525,4.4156312797295465,Maize,Late-season,0.0,0
20.510366851205525,55.17805606386155,49.05162968477867,0.9932221514339052,Sugarcane,Development,0.21,0
38.859467127575726,45.719724706939694,42.61285686999676,0.1283770737638887,Wheat,Initial,0.47,0
38.04867282141002,74.39653132659164,24.821672202976117,0.4554869610165747,Rice,Initial,0.68,0
29.728239193360565,35.52928125372746,34.91852112067321,1.3172178945544881,Rice,Development,1.2,0
25.726329766692412,38.416296945836834,49.67793991358839,2.09913091845141,Rice,Initial,0.4,0
30.401056267898323,63.61731533284915,44.30826213796538,1.3736280764872872,Wheat,Mid-season,0.4,0
22.62393381415172,26.07153020867661,53.21376048587404,6.5257807361394535,Sugarcane,Initial,0.0,0
31.18307080754363,35.094784110085435,53.9630141987674,0.6103090643187644,Sugarcane,Development,0.67,0
28.554221338957916,63.73458675896519,36.843092616269246,0.2802700295797264,Cotton,Mid-season,0.83,0
28.478371564715957,36.24343892204307,52.9944237017243,0.4556955461698601,Wheat,Initial,0.27,0
33.668233552855106,39.63133251008618,39.3332405348635,8.84173301413156,Maize,Development,0.0,0
39.76495597927129,61.51688994967685,21.457760236558332,2.818128996067145,Maize,Mid-season,0.67,0
36.500117912208566,82.47030442389958,59.21725372721576,7.833911020895368,Sugarcane,Late-season,0.0,0
16.108840665340946,75.86188066474348,29.5275549800656,0.10113205703406933,Wheat,Late-season,0.25,0
35.22200507323076,46.773682210149786,39.91092776072163,1.0315538839664775,Rice,Development,1.05,0
29.7337911579517,35.30482914099504,21.0551145423794,6.903723118836989,Cotton,Late-season,0.0,0
20.83284889061295,92.54533927777233,44.33187608992883,15.748478650852594,Sugarcane,Development,0.0,0
23.09105446372025,92.15765781237707,34.459897532316596,4.815481067803817,Wheat,Late-season,0.0,0
18.33314637687959,35.44850269077212,5.05188783971971,0.20028358110546202,Rice,Mid-season,1.87,1
21.543549768692582,69.74830321280015,51.150483433978636,3.9998823075899823,Sugarcane,Late-season,0.0,0
34.65914380807649,65.01885575746873,45.21878241410563,7.342874683334662,Sugarcane,Development,0.0,0
30.486208560721167,45.62308345179514,40.66555062951304,0.35447720063107563,Sugarcane,Development,0.8,0
17.920185393480633,83.15801468626337,38.77732469031349,1.971324704165669,Maize,Development,0.0,0
20.58882723361657,83.85543109186054,9.63454013857181,2.2010055275444813,Cotton,Mid-season,0.41,0
22.40124982311842,82.0756396085954,45.692730463022194,7.7800270968405485,Rice,Mid-season,0.0,0
18.79477245587966,41.48553033084377,33.49424408586586,6.891949949659962,Rice,Mid-season,0.0,0
34.01705353084387,89.64476611479787,45.630893028876166,1.8283469866179838,Wheat,Late-season,0.0,0
20.207505354619585,26.953610810770243,34.272258117090665,8.61980050222171,Rice,Initial,0.0,0
36.381065742484694,80.86790032636611,31.525070004484895,0.29509058661112986,Wheat,Initial,0.19,0
34.100509429372174,73.38334587432121,54.409540134221594,4.369583470636663,Maize,Development,0.0,0
18.278202448634246,74.08492680176178,15.108156580934564,1.9903538160434033,Maize,Mid-season,0.42,0
15.668651694556083,38.66142702649489,27.433928467900405,1.639995406474442,Sugarcane,Initial,0.0,0
34.65633096049733,80.98607413759888,19.161343687904868,7.445390876769853,Wheat,Late-season,0.0,0
28.680516353058074,84.20008061698645,46.24745249913243,8.176775687759053,Sugarcane,Development,0.0,0
16.882424497510694,87.00535468159903,26.330884826410188,1.697541951862224,Wheat,Development,0.01,0
37.58322110765613,84.68672164237258,22.379842761887506,9.559895558061678,Wheat,Development,0.0,0
29.926001644395427,75.54976857999695,31.675989313822267,0.44635890432634356,Cotton,Late-season,0.28,0
19.84919409888259,41.101296639038125,30.166643273773747,3.225461245948954,Wheat,Late-season,0.0,0
35.25413719465084,54.26133534171014,51.511704200432426,0.606530074911376,Wheat,Development,0.42,0
37.35536451456079,48.349552896961484,58.96498573366132,3.1391693125986024,Wheat,Initial,0.0,0
16.424086708379868,82.5623081156331,11.488486599543386,0.23101223915072286,Rice,Initial,0.86,0
21.77403854642083,27.542204906258327,26.629381680456838,4.794852302054979,Maize,Development,0.0,0
24.347315940368848,69.03400633433462,24.26092745627705,4.801468889798576,Sugarcane,Initial,0.0,0
17.686356059570045,77.49469585340387,58.145086376150225,17.545214356009524,Sugarcane,Initial,0.0,0
31.221388032169717,72.56492729329099,20.686319147422772,4.981683304268637,Cotton,Development,0.0,0
28.01446817397718,76.83324202813685,20.50550955784884,1.9139185224449948,Wheat,Initial,0.0,0
18.059089318753227,32.893441829532826,35.102857638671736,0.8992187875752629,Cotton,Mid-season,1.07,0
24.268438204740104,83.90363118535197,35.7569972472652,3.6153748500393164,Sugarcane,Development,0.0,0
15.432760224288325,92.27638915152869,25.73423920077629,4.621779113553947,Wheat,Mid-season,0.0,0
33.44408571452226,89.94250315294707,36.661588914858086,0.6740342991521535,Sugarcane,Initial,0.05,0
25.973246487498503,85.98783109561009,40.677562434655044,11.475511708146918,Cotton,Initial,0.0,0
18.544775244130253,43.226878332889186,16.09872215388513,11.97495484629651,Sugarcane,Late-season,0.0,0
23.046185144231394,66.9108545318496,13.517166574335171,2.334042380477219,Sugarcane,Mid-season,0.38,0
33.78646410740013,90.81566287595807,59.75310324087265,2.991702095806942,Cotton,Initial,0.0,0
26.95639300037675,83.54520574720428,16.330312320362193,15.192744994985274,Cotton,Mid-season,0.0,0
26.488652800339757,62.40619548144035,6.1555036342498415,0.17519016840967022,Sugarcane,Development,0.86,0
37.04969156644384,86.39291590306739,9.768861217760211,3.8648831609652516,Sugarcane,Development,0.0,0
31.772030699240247,29.055997692251008,58.73310503696424,1.0346991518025979,Wheat,Initial,0.11,0
33.26866530591768,47.25529489995702,56.59996448885973,1.611828451439742,Rice,Mid-season,0.54,0
33.92182728604699,77.39872246440396,56.11719161170346,1.1458232657080352,Rice,Mid-season,0.18,0
34.94074344171801,24.78459171901984,26.29727276656138,1.6617618740132432,Sugarcane,Development,1.2,0
41.53956574797692,68.20830601099459,44.472188678642475,18.77886636113732,Sugarcane,Development,0.0,0
36.649684548225764,52.589822247837155,52.824351949823885,0.9962657002461488,Maize,Development,0.32,0
20.90683612709375,44.46653802356987,46.59057287587293,2.502356588495185,Rice,Mid-season,0.25,0
27.00348452887457,75.67774528173364,17.558218880273596,0.30118154329465263,Cotton,Development,0.53,0
27.806333951447616,32.601503914450895,24.513850931101377,2.5539866066122805,Maize,Late-season,0.25,0
30.749295700973523,86.32575709784656,13.345860212417882,4.554128628821411,Sugarcane,Initial,0.0,0
22.622473523689447,63.89726212507335,19.1027165234418,13.588834337732493,Maize,Mid-season,0.0,0
28.552525938559725,88.24476186197889,44.449403172616606,4.362208191713996,Cotton,Mid-season,0.0,0
26.976210328459572,90.41577313567048,21.222020322328813,3.2262023294343933,Maize,Development,0.0,0
33.60626944338547,84.77307893128672,59.82450493746099,2.783111740708101,Sugarcane,Mid-season,0.0,0
15.821228781815135,74.51576796048286,53.07075192197936,1.246876742915472,Cotton,Late-season,0.0,0
16.474478186763665,92.88839759941135,33.19383842567599,1.7186303907754372,Wheat,Initial,0.0,0
38.1621601549722,42.86773432887976,15.597201806768517,0.690975522387576,Sugarcane,Late-season,1.26,0
36.061298350081174,55.37197738964463,17.5114882031447,0.9087186165179261,Sugarcane,Mid-season,1.53,1
40.377958067914136,45.72700344425183,59.34682417750494,3.3201798269678733,Cotton,Mid-season,0.11,0
39.060782478424755,54.526652985112015,44.03192389274884,20.586505250561608,Maize,Initial,0.0,0
17.610753114264313,74.03425560970672,20.50037518125096,1.01855175627672,Cotton,Initial,0.0,0
15.589861223627448,78.08642023398431,12.393838505325249,3.1529338476935247,Cotton,Late-season,0.0,0
26.565498615358848,22.032998925217484,48.09258264233499,0.0528443945082271,Rice,Development,1.42,0
26.68667786854365,60.165685482334865,31.234086593970957,2.4649990806133593,Rice,Initial,0.19,0
36.200126879416715,56.55547273256057,56.99544072881278,0.2947001420131868,Sugarcane,Late-season,0.46,0
29.777228091096475,86.78307110008143,19.449651895871654,3.1956487400207214,Rice,Initial,0.0,0
37.238431058333454,73.17511334947847,37.31948426383098,8.590457814904072,Maize,Initial,0.0,0
27.083900087863668,74.75012908106461,24.676511981154285,0.33016988479682885,Sugarcane,Late-season,0.47,0
18.114795635254005,85.22609925077471,30.97245341659124,6.2393164214152455,Maize,Initial,0.0,0
30.413056279526565,88.21965433332083,5.340110245249317,8.321677164334286,Maize,Late-season,0.0,0
17.46579482700604,32.10857645246908,57.841046652424545,3.8559776142847406,Rice,Mid-season,0.0,0
21.95606396661529,53.74577557016447,43.109990106362226,6.605537341168576,Wheat,Initial,0.0,0
40.80776497372942,37.75364793836523,53.54385016344852,0.5100460351670186,Sugarcane,Development,0.83,0
18.489042602774234,24.3305809600277,51.475673043567674,0.30432714647571246,Sugarcane,Mid-season,1.12,0
17.801421275468122,42.156652723532375,9.980770718050627,5.513150507541026,Wheat,Initial,0.0,0
37.99983999764997,81.28932880449807,5.751392700883518,11.303683192046595,Sugarcane,Initial,0.0,0
36.108055300075605,56.312977412255556,48.67079476462795,4.29587781246959,Maize,Initial,0.0,0
36.86942607945376,37.871725291481866,17.34106388898875,3.5109691322508203,Maize,Mid-season,1.4,0
20.006038960099467,33.654734666139156,33.20745836573451,9.315125431132703,Maize,Late-season,0.0,0
38.312652600313385,30.45876771538701,36.306355472118526,10.123995126788541,Wheat,Mid-season,0.0,0
25.496747147263115,29.855928714145136,19.436675434532507,4.351993787123012,Rice,Development,0.65,0
18.359390945001124,64.96979450330406,35.2693203361313,3.6072749290374513,Sugarcane,Mid-season,0.0,0
41.0987999641949,53.2579327127033,22.65483751024938,3.7337315857610225,Sugarcane,Initial,0.0,0
16.39474864209531,23.697086957331233,26.245823783004987,2.1807030768327,Rice,Mid-season,1.03,0
28.257533592060568,44.05501867336784,15.574185515745055,1.851476036529416,Sugarcane,Mid-season,1.42,0
26.100062258860913,53.353458264375185,36.7099744473127,20.47395383305034,Sugarcane,Mid-season,0.0,0
33.394616984375716,73.69885201562931,38.40284292361863,0.46374817200398677,Wheat,Development,0.29,0
28.286484279452644,93.98655511787972,20.30472134503233,2.516092079102152,Wheat,Initial,0.0,0
27.428884367354655,36.31909549487334,12.357797974668241,15.320823037540091,Maize,Initial,0.0,0
20.37552233826999,46.08667605747844,39.112916692861624,3.9351039017353178,Sugarcane,Development,0.0,0
22.822655560931793,37.90638283145181,16.744856996968778,2.6478708940377493,Wheat,Initial,0.0,0
20.87122916986537,47.50091597772361,26.500458476263926,18.744533776833784,Maize,Mid-season,0.0,0
36.60371473430605,38.124419061438886,8.742052275041832,1.9056003726596442,Sugarcane,Initial,0.32,0
35.99865357183042,84.37422041591435,51.467524697577964,2.2289014774395017,Rice,Late-season,0.0,0
23.44652333315394,24.567915742638704,43.58608960816183,0.049380808496267525,Sugarcane,Development,1.01,0
23.893240271156046,72.00331538891393,47.14350100182084,1.812707995578756,Maize,Mid-season,0.09,0
37.03449352868506,93.79297729228726,55.03590276919761,9.545636885102954,Cotton,Initial,0.0,0
17.81921497644919,62.67373957280921,34.23135854550014,3.0621070495002245,Rice,Late-season,0.0,0
26.642683091336878,62.69734506010964,5.114208468004467,1.5103167732621863,Wheat,Mid-season,0.86,0
34.49983466418845,33.061751929654726,35.07846455830881,6.266860237732981,Maize,Late-season,0.0,0
15.731190609091378,53.69511188492275,21.30446882592842,13.271334595262363,Sugarcane,Initial,0.0,0
16.42343369103153,53.46278283595224,35.468871797104434,1.7687883830687903,Cotton,Mid-season,0.35,0
19.41595245231506,42.80928871010271,39.16084787006117,1.7962488215929402,Sugarcane,Initial,0.0,0
26.84352349777158,22.906770166563685,32.47515843625692,7.2360902834302525,Rice,Development,0.0,0
36.782886380516715,38.88550745381611,50.30605133729402,0.445622631197451,Cotton,Development,0.77,0
28.478034175199923,42.24031922151965,19.58122877283318,2.828262250499536,Sugarcane,Development,0.4,0
20.94883962281473,27.74124866592497,37.17693427952641,3.352453601903478,Wheat,Development,0.0,0
33.00725627404486,40.0358052402987,55.08657474611387,2.8605987670550297,Cotton,Late-season,0.0,0
31.903477142481634,25.645903748875522,11.181836494680713,0.2528308840597974,Wheat,Mid-season,2.67,1
22.021297086815714,48.87935417892213,56.86405312391246,4.71286630451339,Wheat,Late-season,0.0,0
18.037584524219056,75.19403047804616,20.130438485751846,5.095880552100826,Maize,Mid-season,0.0,0
41.9371511081458,39.76636096225833,20.35217589258483,13.344550501355334,Rice,Development,0.0,0
33.810602672576316,74.39947930519085,51.00082175757196,18.333498397554024,Wheat,Mid-season,0.0,0
17.477995374721747,71.07149685526821,53.362845484940834,3.610069327888979,Maize,Mid-season,0.0,0
21.88752268647424,77.59072727252835,46.3487023051991,4.438099594834761,Maize,Development,0.0,0
37.312538413214995,72.61243260988745,30.263901057667603,0.2833890093674992,Wheat,Development,0.45,0
27.663673372382853,89.6416649670602,40.25973569701877,1.8673104332512158,Cotton,Initial,0.0,0
24.13223611756669,88.54072177413472,58.95746742399562,5.420747827972633,Wheat,Initial,0.0,0
35.2377302339693,72.4650693211643,21.88120901396779,0.2939452077616905,Cotton,Development,0.53,0
33.007271600505476,27.689689867085104,5.655489063803315,0.752326237102841,Cotton,Late-season,1.29,0
41.54274688960015,57.04843618551409,52.814376554579106,6.674708001781077,Wheat,Development,0.0,0
30.464534389787342,30.29203599626533,56.571380333912565,2.168781050010216,Rice,Initial,0.47,0
33.13482623694327,45.04268536449155,18.984253854391177,4.9854625050107,Cotton,Late-season,0.0,0
34.45957802472033,58.55175274073823,38.316455178651395,4.996733698033059,Cotton,Late-season,0.0,0
30.728411990899872,71.28411506674058,46.42153659488208,6.499709846311921,Sugarcane,Late-season,0.0,0
20.114972695519874,50.08609771188482,57.12878363079514,2.5257966577057274,Cotton,Late-season,0.0,0
29.187018411778848,28.211822941584664,16.156928130032586,31.941108114987475,Rice,Initial,0.0,0
22.669576504091584,94.60812159304295,58.160740520532876,2.9056954153360763,Rice,Mid-season,0.0,0
37.63679022848913,73.67155377288393,42.781778925193066,11.179950064612028,Wheat,Late-season,0.0,0
22.66254446212183,72.03973714067992,21.81974312060152,7.119752271513606,Maize,Initial,0.0,0
17.090111903588266,58.46265218263565,23.881553305765753,1.9917322752383757,Cotton,Development,0.0,0
31.693695567370437,78.60965665660319,43.68024752528484,8.992659336853519,Sugarcane,Development,0.0,0
35.18305719215563,83.81395679915715,20.737427335207286,5.114472238721316,Rice,Mid-season,0.0,0
40.86521879502626,22.506767932662783,36.88860641081253,0.9106291620431997,Maize,Late-season,0.98,0
21.355348071255655,57.07781082843186,55.3159222498283,1.1894739145394322,Wheat,Mid-season,0.27,0
41.35432265338844,36.671207497893896,16.445831902800503,7.006434479278084,Maize,Development,0.0,0
39.16706709736982,63.044685209223665,24.292769265567166,8.939646459139784,Wheat,Mid-season,0.0,0
39.61408867012884,89.60106775470358,14.098108367062514,0.011630547140026983,Wheat,Mid-season,0.98,0
39.465713475441945,24.158392677788108,50.81688451675885,3.0606471963237802,Sugarcane,Mid-season,1.02,0
38.72615613927711,34.750042429273044,57.10149996810368,1.1509760779197455,Sugarcane,Late-season,0.52,0
27.227850731218815,90.92863313307683,42.225102399652584,1.7947223716893297,Maize,Late-season,0.0,0
37.09431107723318,45.176180048213126,36.602020865353374,3.6158080527315244,Maize,Initial,0.0,0
17.89500464362916,51.76115069369996,29.88017175636136,6.614585827132142,Cotton,Initial,0.0,0
29.714521508700486,26.508721554874285,18.026720882810046,0.9012227374758986,Rice,Development,2.02,1
29.50644318903703,70.7843197611923,42.54691338545177,4.9541826635734845,Cotton,Development,0.0,0
19.649331944438092,52.323779663615234,33.07861437143646,0.7575570182583773,Rice,Initial,0.69,0
19.952438374444814,20.513056111127266,30.685982658695792,5.786269144370654,Wheat,Mid-season,0.0,0
18.558784407210343,86.52820583352214,20.126362486828878,1.2655184103016106,Maize,Initial,0.0,0
37.06189167750256,53.62598528934752,31.9081373785276,1.2278962037067578,Sugarcane,Mid-season,1.21,0
30.482659284602846,27.375869119265985,29.71010008261574,14.108659418620075,Cotton,Initial,0.0,0
21.461971736778683,66.80850650342407,31.07419452593217,10.424688191376926,Rice,Initial,0.0,0
32.095824222185854,74.07909956734039,19.143379311000274,6.353914505692121,Cotton,Mid-season,0.0,0
25.13367633587137,67.00650114067484,13.035311104772612,8.658128706138362,Maize,Development,0.0,0
41.45469545528533,85.14146230893783,14.567848823292405,0.23648792990183043,Wheat,Development,0.53,0
39.64033572584398,33.301352124480715,5.387360304327802,8.186513936236013,Cotton,Late-season,0.0,0
26.17006286157082,70.91655028915888,18.023867200089907,0.4384902277175139,Wheat,Late-season,0.2,0
32.01472729195012,94.13678633651035,23.93694183259776,0.31876021267920746,Rice,Development,0.74,0
29.086802309037633,35.99029485418513,47.995094395261766,1.1392448086348104,Cotton,Development,0.51,0
17.498270967901416,49.95742092731408,28.04110731655804,3.6135163546133082,Maize,Initial,0.0,0
39.4647250743715,30.330057416585646,7.989145409176138,0.09352544039487337,Rice,Late-season,2.37,1
18.250210036649413,63.55764377108162,56.08198816630208,3.4332757772182476,Cotton,Development,0.0,0
16.705943615226115,65.83561424084346,59.10542685216668,2.2377387922464314,Wheat,Initial,0.0,0
28.500915720379417,29.585888327028705,37.02305968414225,1.7824767177968373,Maize,Development,0.51,0
32.14310271317908,84.41992619935458,23.96233717949308,2.473904714260402,Rice,Development,0.09,0
36.96743796091861,73.62146176638328,18.683838506423136,12.051778941048736,Wheat,Initial,0.0,0
31.92280402426499,22.1600885409889,40.40458934787202,1.6227286678353645,Wheat,Mid-season,1.44,0
34.87295581150377,44.001208481554386,32.832458082651016,0.8867361383283445,Rice,Mid-season,1.46,0
37.99269780046541,84.78422172237525,27.372556171460285,7.1850173142149485,Maize,Mid-season,0.0,0
40.5283612351065,67.40900914367386,28.941099830319875,3.7238225752312326,Wheat,Development,0.0,0
35.264692421350915,75.98148725073867,13.003451521308373,10.517785286599473,Rice,Mid-season,0.0,0
41.5209136452886,48.71772605279344,14.783623230397481,2.1671637447386396,Wheat,Late-season,0.1,0
16.87130987203396,63.36637859174671,37.86978419278952,6.714842262762213,Sugarcane,Initial,0.0,0
29.613431789713413,23.968057495299828,43.56293209816594,0.2867050180180251,Wheat,Late-season,0.51,0
33.95622930588141,58.05423238138678,29.28271578046462,0.7001775238259461,Wheat,Initial,0.24,0
38.4618958355642,87.83396086718705,5.041123960379209,4.508690577103162,Rice,Late-season,0.0,0
31.70616852635537,26.125982364976547,16.974869433939624,1.440679326210021,Wheat,Mid-season,2.11,1
40.24211225697173,67.78144166410365,54.42672358539651,3.048709328651509,Wheat,Initial,0.0,0
31.819759192951306,53.51556464003292,47.789173436401526,1.2453236102681322,Sugarcane,Development,0.33,0
38.03446064157639,90.0185342005017,56.29312141270041,0.6689715680903574,Maize,Mid-season,0.32,0
15.762176510569072,84.13740087286045,24.73156691117006,4.986379170016787,Maize,Mid-season,0.0,0
26.605806083065197,42.98317524126823,57.92171005637696,16.689454740143315,Rice,Development,0.0,0
27.949877612100366,92.96331189950168,5.2677624210526774,2.660912402478965,Sugarcane,Initial,0.0,0
28.74726507019027,21.850246590536536,27.379413726484533,1.246790054476046,Sugarcane,Mid-season,2.03,1
33.48757942478713,35.90609281080333,18.144872411635323,1.6514488822423736,Sugarcane,Mid-season,1.95,1
21.326776772564223,21.473861206013584,53.36661812439575,16.849922757030818,Maize,Development,0.0,0
22.259136648412635,94.84830916686953,52.19764087646599,2.6207180653663675,Cotton,Mid-season,0.0,0
32.55305703231877,75.65168389098201,6.733217369521638,0.6482959783144666,Wheat,Development,0.46,0
24.95557919771284,77.72985637226601,49.60143559699358,2.557100892725221,Wheat,Mid-season,0.0,0
25.97449338470595,77.88770264225823,31.613249551034247,11.39103955424943,Maize,Late-season,0.0,0
24.219673978427945,36.170732393228356,49.754064891651936,1.2237721504310808,Cotton,Initial,0.0,0
40.403659222357135,33.716978980150145,36.20937644127763,2.366105695086399,Rice,Mid-season,1.44,0
32.41905224912439,21.272684698659983,57.82017260421716,0.2280635749144228,Rice,Development,1.27,0
33.93681612838192,21.077971383333324,7.723194633626145,4.573442419993059,Wheat,Initial,0.0,0
40.739542049425935,87.73930180420892,44.2538442272189,8.522744041498479,Sugarcane,Development,0.0,0
18.39071677317434,77.4157527266902,16.56055827953655,1.9536918177109848,Maize,Initial,0.0,0
29.4861914266231,84.49555356375569,16.716942591379528,4.6796419561292835,Rice,Mid-season,0.0,0
32.362646825580796,77.19005283316511,37.171199168829695,1.5478084862655141,Rice,Mid-season,0.29,0
18.225119867035716,66.67272343055197,56.39311192633826,1.1567254859911493,Rice,Late-season,0.05,0
29.0638188180828,70.19493468827433,49.82584241718815,1.5100894228837545,Cotton,Initial,0.0,0
15.016942948968317,92.23205981733518,55.46496920279896,7.231671374444883,Sugarcane,Initial,0.0,0
17.751077357231924,21.194020044709895,38.89006308669285,16.19914624811323,Wheat,Mid-season,0.0,0
21.309642118284817,67.94013720424698,17.962539401673673,6.25288175888835,Wheat,Initial,0.0,0
25.397865320727853,51.34129974632073,7.4479971601894235,1.7063757899539795,Maize,Late-season,0.34,0
18.158542252401954,53.9950595566266,51.92466967417902,4.353254047849334,Rice,Initial,0.0,0
20.175125608417407,55.59082626189172,24.881793240199663,2.2215002308706917,Cotton,Late-season,0.0,0
30.77868988291535,79.76461777071432,23.753160990436655,8.18574889485468,Rice,Mid-season,0.0,0
29.96306657712936,64.09267436711109,56.39971350920231,6.474255076956268,Maize,Mid-season,0.0,0
39.525374676561256,65.34305826936816,34.02691359350462,4.075907079461301,Wheat,Development,0.0,0
35.87552767716789,27.969942859429686,47.813562372976996,0.934890200410377,Rice,Late-season,1.04,0
33.6187427693972,85.79823021447767,20.969903695167453,0.4278479454630682,Maize,Initial,0.11,0
33.153770164169245,44.657009566583746,20.296169215459187,1.0193719403956272,Maize,Late-season,0.68,0
34.737279426766044,25.746680149415205,41.521816821122464,1.3561574061402026,Sugarcane,Development,0.92,0
22.724427894844037,74.20765070080967,56.991887213840016,12.449200765825367,Cotton,Development,0.0,0
37.09411375486331,71.24947719707976,15.096026281931307,8.599591271790631,Maize,Mid-season,0.0,0
22.608528460705294,40.064527268625675,33.556383603190305,1.3352818654688354,Wheat,Late-season,0.07,0
18.33965296657154,63.74571478543225,45.411760886715825,1.9395972530777188,Sugarcane,Development,0.0,0
18.43507194729929,88.60209202527928,32.14490127741992,3.0217710459016396,Sugarcane,Development,0.0,0
33.14560657186686,23.901781627208518,11.250532128319566,0.01963035947571443,Maize,Mid-season,3.0,1
38.36295309842766,65.21347852967273,45.01450349765785,0.611718402165857,Maize,Initial,0.05,0
20.41924675867239,86.01160496826942,15.724820563656086,1.880580376079356,Sugarcane,Mid-season,0.49,0
32.235451758529734,72.45385557405254,11.160644218751312,9.467779383644272,Maize,Mid-season,0.0,0
27.725688440836848,93.58232183851322,45.72080633175609,0.6278502795023786,Wheat,Mid-season,0.44,0
17.571721217267477,22.060292188473863,27.19942423984434,25.240262970874948,Maize,Mid-season,0.0,0
33.16139727522333,33.004704965458956,44.863283622711236,3.519561265326912,Maize,Mid-season,0.59,0
20.477575749684334,75.92212493903764,59.759048279248866,5.477842138971755,Cotton,Late-season,0.0,0
39.92569769272015,21.188888167390722,45.14579356072016,10.979720244435802,Sugarcane,Development,0.0,0
27.151732601225472,35.35395904624992,36.158499107330655,5.242585718977689,Wheat,Initial,0.0,0
27.41950508130872,40.95046139574196,25.31651404503126,0.86902933226286,Maize,Late-season,0.61,0
19.611970070267688,34.826772733586566,22.534952758015258,4.500812664333628,Rice,Late-season,0.0,0
18.140956632598055,92.75876648138241,6.20899981452926,8.115083575917927,Maize,Late-season,0.0,0
18.661918632197462,30.922148502906758,43.358738948045584,5.1473894111949345,Wheat,Late-season,0.0,0
40.311991654775824,71.8945522449944,13.57183451032939,1.3948844752435996,Sugarcane,Late-season,0.35,0
20.651264047523632,25.439173771586105,43.680402972323776,2.5752255287813046,Wheat,Mid-season,0.58,0
32.556886919528864,26.781423334374555,57.13211119895134,1.4957867357159795,Wheat,Development,0.36,0
25.861031169455636,23.841822230323494,32.308348222683264,0.6580575614469336,Sugarcane,Mid-season,1.85,1
40.15479974349351,27.86268104044935,19.736851255876633,3.6718734502418866,Wheat,Initial,0.0,0
36.07546359716538,47.12054888190421,27.35301975511758,8.287092563414085,Sugarcane,Mid-season,0.0,0
31.961578121512186,29.102894341146474,59.22637927437048,7.58616444064644,Rice,Mid-season,0.0,0
28.31858233814112,20.296995725910705,32.563950230161964,2.4206949862733405,Wheat,Late-season,0.0,0
19.297295267833405,46.56156475696213,28.071481679940085,2.4771695734769845,Cotton,Mid-season,0.48,0
17.560928217835215,60.80945014723257,45.72802366700752,7.071964160438392,Wheat,Initial,0.0,0
19.503258049959204,79.80654154562482,44.60612334332201,0.4503663255733752,Maize,Mid-season,0.53,0
19.697389787088696,45.31077842847289,5.994460071312699,2.556877778177016,Maize,Mid-season,0.92,0
31.728730006331343,69.76177588465325,50.9960222206353,1.2133071296641869,Wheat,Mid-season,0.25,0
37.991503641243995,31.74596111694874,58.61180447349074,9.242862882599038,Wheat,Late-season,0.0,0
41.498378472894686,27.303254683100317,21.66861686463059,5.083655952222431,Wheat,Initial,0.0,0
32.9394422380023,53.95657532815551,50.95471234990391,16.30015062731377,Cotton,Development,0.0,0
24.84329354303634,83.27603972487333,15.72185229335879,8.768500434639376,Maize,Late-season,0.0,0
35.579062802240216,73.52055246976036,16.413132246168345,4.206063985039436,Cotton,Initial,0.0,0
26.667138393652092,92.49430776674876,29.87183050559449,0.770336297096847,Maize,Development,0.26,0
40.6959649725445,43.979063700489064,52.745398792688455,10.653702882814676,Sugarcane,Development,0.0,0
17.247956767367068,74.34184318691138,22.13317644576923,7.637529896761742,Maize,Mid-season,0.0,0
36.00355398221049,48.67724982962209,29.3720039927603,2.359550978101458,Wheat,Late-season,0.0,0
31.229461519700173,83.64549139240847,53.87531626100845,3.3067890000613422,Cotton,Initial,0.0,0
24.23903295548375,34.58476393867353,35.90714604962816,1.8885018351961438,Cotton,Development,0.39,0
33.49516433990583,73.08149057040487,24.799583032848183,0.39913206905382614,Wheat,Initial,0.18,0
40.67010725674214,50.65246717032005,30.66757357069753,0.27074890317307065,Rice,Initial,1.45,0
34.36389907026246,60.357099809083344,32.97882913189467,1.3927827212950536,Rice,Late-season,0.49,0
35.5860020923557,87.52341796808682,41.5649894893949,0.5558845195836958,Sugarcane,Mid-season,0.56,0
32.156553858980246,80.43229387199985,50.38867666586995,10.132464969502974,Cotton,Mid-season,0.0,0
33.8423386745079,40.11877691917331,59.963495399092736,0.9638855790106513,Maize,Mid-season,0.79,0
35.948551817691424,53.508775738115865,29.612513629573556,15.508011218327237,Wheat,Initial,0.0,0
23.402257920708248,35.67935965856496,51.66652154635568,11.823317003732184,Wheat,Initial,0.0,0
31.994440200161712,39.268571351922006,49.04414783881885,5.000025410841258,Rice,Late-season,0.0,0
39.730243987801146,66.15885652883046,15.598010208113239,4.661924212667134,Maize,Initial,0.0,0
16.0642747982498,75.59815312630717,50.51856437420343,17.188979966063865,Maize,Development,0.0,0
31.2144387415732,59.75392544092856,6.531257819442246,1.4161695467034185,Maize,Development,0.51,0
35.051171721405645,40.98251981652807,36.07239342088603,0.46135634851215934,Rice,Late-season,1.17,0
35.25434248977423,72.0050640071783,59.485350544469846,1.6278967821346488,Maize,Late-season,0.0,0
26.978435217561454,88.90604786031886,29.220582266386586,3.9789997081816098,Cotton,Development,0.0,0
38.58075018171883,24.48217056337883,53.872960424043384,1.9954805127140993,Cotton,Initial,0.0,0
40.398635068527255,23.5836023511054,24.372703628890992,9.709610164780502,Rice,Mid-season,0.02,0
20.377236235120808,51.85956359985588,26.205387582041812,12.350062687041653,Wheat,Mid-season,0.0,0
28.638120005088172,94.12779250411783,30.590264220175783,0.3000125530714296,Rice,Development,0.67,0
34.71351506996348,49.043453615260624,48.142311608462,3.395198656948082,Sugarcane,Development,0.0,0
34.8385689065943,38.910796687920765,31.994566569742354,0.3926910745526984,Maize,Late-season,0.84,0
29.923005031229582,28.605646875364393,11.937571190888363,3.7701538391388016,Maize,Late-season,0.18,0
15.877138110634453,64.64576308280408,34.65565867700229,17.339040734524747,Rice,Mid-season,0.0,0
22.780442117866684,65.29403327466706,7.727642952104737,0.4973395035739263,Rice,Initial,0.84,0
25.95428945288559,23.081177371666648,24.100866086813376,1.5409787154150285,Sugarcane,Development,1.02,0
40.61734343768179,40.10353905339783,49.630626653342496,0.2847559133018205,Sugarcane,Mid-season,1.52,1
16.904851720167155,90.05247433479795,47.14932043065646,5.363990470887109,Wheat,Mid-season,0.0,0
32.48303448039441,92.67082978807184,44.267687132562436,12.928628108244574,Cotton,Initial,0.0,0
18.16073915051029,59.61332910672628,11.978005543470132,4.488491722040794,Wheat,Initial,0.0,0
31.809535741485107,20.75352357911237,15.716227041045025,3.3797832592429082,Wheat,Late-season,0.0,0
25.35744408958928,51.8279019540226,44.30828489536422,4.629089322179008,Wheat,Mid-season,0.0,0
26.09204268032055,36.327484914292434,58.13118025216147,0.6999575375709134,Rice,Mid-season,0.81,0
20.98804628220575,78.53533537851162,16.06463777588837,0.41725263553103653,Wheat,Late-season,0.21,0
15.269169337831999,26.357461581974988,49.41942282596363,7.380512113790426,Rice,Initial,0.0,0
38.07191676959024,71.23816724298635,7.878307151536456,7.635802778478906,Sugarcane,Development,0.0,0
36.57521793584277,58.135927648101955,17.809601125721493,9.332306533752659,Wheat,Mid-season,0.0,0
41.48055170849899,31.676944831694968,17.411552067863028,1.1900053347681456,Wheat,Initial,0.62,0
20.04649700415319,24.999487236747957,59.92084436220957,0.1256517505737079,Maize,Mid-season,0.96,0
24.864904721867624,83.12115948183614,35.50412701661297,11.595159490631033,Cotton,Development,0.0,0
17.036128751805283,38.77690471781416,41.812347899992595,10.958448458592436,Wheat,Mid-season,0.0,0
31.832116746079144,92.79160030463719,35.74242821487073,2.050331311531412,Rice,Initial,0.06,0
33.80178567839182,70.39821034452883,18.237487434923697,6.8051318643149585,Maize,Initial,0.0,0
23.566802561949444,56.27853742930349,21.203183311725084,1.496783585583061,Rice,Development,0.69,0
22.700717105639967,61.547746240870616,5.088065315196586,1.664925206471144,Wheat,Initial,0.0,0
31.028511797898744,65.58971180607354,27.18503677644943,5.642350294938533,Sugarcane,Late-season,0.0,0
37.106163880373174,28.751683995192487,41.08007450592101,2.086291823615516,Wheat,Mid-season,1.3,0
29.84364288418254,53.926477885903715,14.318232115128584,5.06430365850273,Sugarcane,Initial,0.0,0
25.003268800606886,62.669105438353725,53.49399333012216,14.22842893010418,Sugarcane,Development,0.0,0
33.06716219944097,50.77277914044966,30.888554972008386,0.2519863236322508,Wheat,Initial,0.43,0
36.34386740340849,54.04691247858948,21.591423289713187,2.4226964007842353,Rice,Development,0.83,0
25.538796040061975,88.17969071725486,6.601808174400791,7.329020496892454,Maize,Initial,0.0,0
27.051573644608,61.301786860298506,56.94550283351209,1.1930471395566165,Rice,Initial,0.21,0
27.817470432461747,39.37944859027776,50.02262767052094,11.492994978393334,Sugarcane,Mid-season,0.0,0
20.274691942912426,26.506147662603617,38.299446691793825,0.2939474487177687,Rice,Development,1.29,0
29.321453948835554,69.70892995577478,37.45939255073592,2.746988339321536,Maize,Late-season,0.0,0
18.057243027996385,50.47748039580961,31.679010002848248,3.891641864669493,Sugarcane,Development,0.0,0
19.635311266166855,80.58735888699667,43.10831352331587,4.058198999294619,Maize,Late-season,0.0,0
18.736734821139365,69.93239301990255,33.85697686770922,5.099580443161509,Rice,Late-season,0.0,0
31.461604653738338,39.19044056091596,27.389222865843912,5.661076097193268,Maize,Mid-season,0.2,0
28.354120424621485,87.10606781234758,19.721764045686363,2.643239991812347,Sugarcane,Late-season,0.0,0
39.19893134473263,71.42845766185107,52.243930091722106,0.46481764498098466,Wheat,Development,0.26,0
23.656737476856122,33.37486343211623,18.165340998812546,2.706153613864073,Wheat,Mid-season,1.08,0
23.655324822445472,30.123386455373158,21.289722105744918,4.246477107245864,Rice,Mid-season,0.72,0
24.3614065533696,75.98390966428354,54.14304842663248,7.069134080741264,Sugarcane,Development,0.0,0
25.652880490597077,79.45194296370335,20.352927327226745,5.197451441385178,Sugarcane,Initial,0.0,0
16.12438860317947,82.2976823514567,36.423315273456076,4.6757338989242205,Cotton,Late-season,0.0,0
38.61082778865834,23.25750179267281,19.356561534471645,10.42780267734635,Maize,Mid-season,0.0,0
15.476419324822357,58.77547124072815,34.12649743919712,2.5614846541038028,Wheat,Late-season,0.0,0
33.40657096113324,35.584284852856534,48.94217091394383,8.123701006875372,Sugarcane,Mid-season,0.0,0
22.65579629456049,41.290863619303494,31.526022819791557,6.357320175437955,Rice,Late-season,0.0,0
31.471170327359292,48.68633454369457,21.748775403326082,0.12586866061752028,Sugarcane,Mid-season,1.76,1
23.174725405670475,54.4509507629617,49.987992189203446,13.290714958562575,Cotton,Mid-season,0.0,0
32.8595875437386,87.74552166791857,10.420076827711831,1.320339329994484,Wheat,Late-season,0.0,0
18.522188068477686,20.943335936464653,13.467978126657712,6.109943437302876,Cotton,Late-season,0.0,0
35.851224034612656,25.664531451941514,50.51696696143862,2.7901896679742384,Rice,Late-season,0.45,0
17.420610243363335,45.30193087679597,9.933550545816518,16.291166711438038,Sugarcane,Late-season,0.0,0
21.03726880473912,90.00913289373892,23.95281276498345,0.8776300844567413,Sugarcane,Initial,0.04,0
40.481901249310035,20.287271787524194,18.09686637896993,13.939335454718183,Rice,Development,0.0,0
18.057573194275136,62.76404118498534,52.40141028121565,3.241919067177909,Rice,Development,0.0,0
33.337635887525806,25.55561804078358,59.60576724250865,2.6203500298367812,Rice,Development,0.44,0
30.06273795660291,42.823069386564825,9.755162891608379,0.007146820667728733,Rice,Mid-season,2.15,1
37.59531240011799,62.92363892225574,59.95640144188925,1.6902939922558355,Rice,Initial,0.12,0
19.313235426316496,32.304769119900136,20.68526278055263,7.871320279851195,Cotton,Development,0.0,0
41.32735358210739,37.421724057233945,53.471365008775045,1.9893830383155682,Cotton,Late-season,0.15,0
36.78051807861665,23.739843237063415,38.187231672113526,8.219581147888004,Wheat,Initial,0.0,0
27.242238226855235,94.19599588297888,8.010974024277733,2.192643154473778,Cotton,Initial,0.0,0
31.169843558447564,40.580879075028136,27.001629979246026,7.533035623226821,Wheat,Late-season,0.0,0
38.270768940192944,62.32126263000739,27.56610416191706,2.0245009463099737,Sugarcane,Initial,0.0,0
17.87688367483505,71.62682186852433,19.288692889413824,1.4695852575454624,Cotton,Mid-season,0.51,0
18.9976135061984,27.401392081994047,36.88929398417379,4.942477162790767,Maize,Initial,0.0,0
26.697775172343754,79.97688965020933,45.67110596362624,2.7784027780636835,Cotton,Initial,0.0,0
23.54465716966046,78.04963154705067,7.863982342169836,0.06452278144436407,Sugarcane,Late-season,0.67,0
27.88295215170433,29.8160853915182,17.95612640269757,13.478431236121411,Rice,Mid-season,0.0,0
34.164196356047256,56.16689227529949,33.61779944052621,18.49354508865844,Wheat,Development,0.0,0
16.6179791936692,58.81995987903558,11.843881437071536,16.376685445659945,Wheat,Initial,0.0,0
25.465864880466402,44.23956873930331,56.43372148071416,2.257460721350229,Maize,Mid-season,0.24,0
17.86447804954855,70.2834998961882,20.886167796263244,4.404668228076047,Wheat,Initial,0.0,0
34.41839178108571,75.89311146293309,33.29488389208467,2.0097959122954308,Wheat,Mid-season,0.16,0
27.118986872604083,64.92582831601757,8.945443906108373,1.285820059351419,Rice,Mid-season,0.87,0
36.094847479953685,21.455093421366158,22.985372267285616,4.943752521816599,Rice,Late-season,0.65,0
31.986964517198615,47.77197998309883,17.438337989116512,10.31116173106713,Wheat,Development,0.0,0
29.3737263412555,42.752321166062785,26.60614920647713,0.990128426000182,Rice,Late-season,1.0,0
22.12733903216541,52.06306681944872,45.30610854998285,2.0496861739848695,Wheat,Late-season,0.0,0
22.69265781891577,55.87127506332823,14.935018386772342,3.3240692759225294,Wheat,Late-season,0.0,0
15.8043436088808,20.73345352293214,9.131760058498006,3.835691847045182,Wheat,Mid-season,0.87,0
40.156748468353264,35.515390656671585,24.702047268369004,0.8090628860210618,Wheat,Mid-season,2.11,1
27.435728868755998,87.55701218380493,56.15029577850899,2.4190313730556987,Wheat,Initial,0.0,0
39.19837872694559,80.5030855808796,5.20109712395571,1.9287503951810918,Rice,Mid-season,0.56,0
33.37530471673931,84.41311875606952,39.58802294273179,7.195267907185966,Sugarcane,Mid-season,0.0,0
24.619059117409897,40.55623967307468,49.064023694633725,2.3674789329513626,Cotton,Late-season,0.0,0
41.40204972454811,35.04234946910525,16.844760557003468,1.725617999138687,Maize,Late-season,0.88,0
25.242871151513036,88.31256702423154,38.844131234571584,2.6546871574718143,Sugarcane,Late-season,0.0,0
16.308534276847205,35.7707133426396,36.12387328059674,4.779741803817415,Cotton,Initial,0.0,0
25.882046463492568,68.68654736231545,43.393880052187086,5.082488064474814,Wheat,Initial,0.0,0
28.812946487456827,31.919357513312868,7.940229193264999,2.9501720581863937,Cotton,Development,0.71,0
30.372035061495076,48.704689348832844,46.64540158250832,1.8238847899438781,Rice,Initial,0.46,0
29.517455087387713,20.353431914168088,8.981416904537069,1.71504526303123,Cotton,Development,1.36,0
38.827367836839684,21.50912913898055,46.39999258042868,3.210115781375869,Sugarcane,Mid-season,1.2,0
27.639832430509866,86.56564307948103,40.269614009127835,2.6691456422290765,Rice,Mid-season,0.0,0
25.12768394359545,58.17063357569646,22.547416143004405,17.363659522420047,Sugarcane,Mid-season,0.0,0
38.50812964178666,51.637237664199006,43.02159731343759,11.656430628477636,Cotton,Development,0.0,0
26.186829378545607,28.428953699169554,9.159670010900221,4.302672592760203,Rice,Development,1.0,0
22.897905549207838,32.56028679125319,25.84532082480097,2.1814914401799377,Rice,Mid-season,1.12,0
20.241476802041248,60.245563194783074,56.41521222440907,9.007739350042165,Wheat,Initial,0.0,0
23.18662123151122,52.20859228090269,30.888827102376556,0.8561460252366315,Cotton,Late-season,0.33,0
36.65948123856813,46.15709355470663,43.16320944268888,0.8695814418451715,Sugarcane,Development,0.71,0
25.92125874020155,54.171921151640014,43.81674780703417,8.597386694182127,Rice,Mid-season,0.0,0
32.856453776678876,49.39985329168614,25.278660820217873,5.856331440036028,Cotton,Mid-season,0.0,0
29.405969705946646,20.01807535138509,18.268438482091533,1.1674330882286579,Maize,Initial,0.32,0
36.759457748402916,40.97553924098324,15.533672712758149,3.508553321660842,Cotton,Late-season,0.13,0
21.516442003612497,25.890218209459903,24.602260471731558,6.884727482585706,Sugarcane,Initial,0.0,0
23.362797721542325,84.4064019206888,43.52501759833968,2.5692631576885234,Maize,Late-season,0.0,0
41.576693427979116,48.761084193128184,13.372551765427675,5.4936943143382795,Wheat,Late-season,0.0,0
30.816013315138285,64.00759308834435,29.515140149657803,9.043061891795908,Wheat,Development,0.0,0
27.113079973678822,60.32690964432286,41.499359642201476,7.661732790278647,Rice,Mid-season,0.0,0
32.44326749060809,31.295821480138933,56.29564552983632,2.4149078493189875,Sugarcane,Late-season,0.1,0
15.549209210818796,35.38903571786052,31.78953993779679,10.52902893036848,Cotton,Initial,0.0,0
40.106503021934735,56.28476724370972,31.974700320477247,0.6377283627944628,Rice,Development,1.19,0
21.668066136610687,87.47093670292364,55.09533211817179,14.350797120424906,Wheat,Mid-season,0.0,0
33.2815321891584,78.38869100462476,12.205804025775608,4.593432935692051,Maize,Late-season,0.0,0
28.434284251495598,31.613201121517058,15.060760927914659,2.2710259553626413,Sugarcane,Mid-season,1.76,1
31.825655462369056,25.582131382888676,32.70304686805946,1.0082872622804326,Rice,Initial,1.6,1
30.4195153857319,20.674899296244185,19.179598071283564,2.611309238996353,Cotton,Late-season,0.57,0
23.037326481184046,22.47109011841475,37.457007325959815,3.7133120484222037,Wheat,Initial,0.0,0
41.85404305499239,56.148964011980446,46.58023329757424,3.010266064784342,Sugarcane,Development,0.0,0
30.997040835343103,82.66787788179866,7.401351079215469,1.3500826974746392,Rice,Development,0.61,0
15.247469854963045,35.10493270954156,57.74632967851313,4.751847442655944,Sugarcane,Mid-season,0.0,0
16.808759548687885,22.11435053354166,18.460979380031,10.663613298249892,Sugarcane,Development,0.0,0
20.725210933340307,27.882316266022872,42.86207098901462,0.8625637452038154,Cotton,Late-season,0.43,0
23.397990016029098,44.51699472917049,5.593911581423158,6.036746944467834,Cotton,Initial,0.0,0
28.280431191764585,78.82098612159268,37.11595965587577,0.4301498682663551,Rice,Late-season,0.44,0
16.884586092158244,55.90262904269992,14.479206777972982,6.978394855269865,Wheat,Development,0.0,0
29.961406410673405,59.536047072438535,47.01797579790899,0.025458769907879014,Maize,Initial,0.22,0
20.331118061460558,93.80891628696779,45.49396713782542,7.441660853216762,Maize,Initial,0.0,0
27.73490593519933,62.87207700208741,7.552158730831911,4.890292268546657,Cotton,Initial,0.0,0
31.680956253910733,77.74802136549508,10.717765675181425,16.399146095238784,Wheat,Late-season,0.0,0
30.77663275759314,58.13955738301794,22.51485817431924,6.563882053730286,Rice,Initial,0.0,0
34.900714976392734,25.25761102005815,52.5497737870146,3.461402415013339,Maize,Initial,0.0,0
31.49763211163196,66.81440546722028,12.261934728949756,7.057724237697039,Wheat,Late-season,0.0,0
39.43397076458768,81.33879975611244,24.04463228441117,8.244514900416126,Wheat,Mid-season,0.0,0
17.725587404173098,92.1416179044281,40.8931108368492,3.044945011440477,Sugarcane,Development,0.0,0
23.767044024973128,93.6085696571847,12.411099582199906,1.8902594784463524,Sugarcane,Development,0.13,0
27.905987716466406,55.352486330588256,14.668109870671001,0.7828744874882548,Wheat,Late-season,0.27,0
30.117044359836207,56.48037766521337,32.771304224917,0.9704238267797637,Maize,Mid-season,0.93,0
22.101976793551117,36.84196019516723,30.602811659011383,1.5400305257945448,Maize,Late-season,0.3,0
32.17036857201871,85.62407660394886,9.550606691788936,12.330424479193871,Maize,Development,0.0,0
28.24874734002857,52.895857695473275,46.81714081074331,2.7265100603140024,Wheat,Initial,0.0,0
38.54835110317667,25.344374948617094,51.98419338546667,7.607946721341009,Maize,Mid-season,0.0,0
17.90018678677799,27.587285863815588,5.623292626246815,3.977387074081249,Cotton,Mid-season,0.9,0
29.60045255095862,92.59773475774666,19.035022582582688,9.776226775031603,Wheat,Late-season,0.0,0
30.375865895901292,45.73803929054627,35.887139853179946,0.3797772857088836,Sugarcane,Development,0.86,0
29.684703871350173,45.39155205777885,31.03892134767268,4.748854457555839,Wheat,Initial,0.0,0
26.71931944891088,81.45708902527738,54.80701756652227,0.6378032164282526,Wheat,Late-season,0.0,0
22.68182291304599,23.529589840771056,41.77006823126919,9.930512970451453,Wheat,Initial,0.0,0
36.93516875584531,84.00468001527062,55.28872434665659,1.5413636566016353,Maize,Development,0.0,0
25.663520022579476,39.05232633492395,59.01743514398827,20.37859492405137,Cotton,Initial,0.0,0
36.21306704670112,44.43346578092137,49.93502659236969,2.6279454915344425,Cotton,Mid-season,0.5,0
16.311193528982866,53.59652728858892,29.510134045218905,11.29974307528872,Wheat,Late-season,0.0,0
18.328666041215143,31.058945035617587,6.635494371203143,0.3721725616987973,Rice,Development,1.75,1
26.65277688617275,77.27023003160102,59.59287452199131,5.379872554867382,Rice,Development,0.0,0
17.82319734836722,86.07530636110309,34.01227695070439,8.710196099916228,Rice,Initial,0.0,0
40.04721262048702,91.23719041147743,35.51541880768184,2.085311776759155,Rice,Initial,0.05,0
28.305096338353806,32.053501189323924,58.804600494121075,0.8629665541519781,Sugarcane,Mid-season,0.91,0
24.831268534720646,67.95398160905734,12.09700248891837,2.8133710460778256,Sugarcane,Initial,0.0,0
38.96929116613558,23.043928410102133,55.25501217035526,8.94863184348146,Rice,Development,0.0,0
36.310847676281824,22.341017025406067,58.177605266136645,3.73901949397265,Maize,Mid-season,0.41,0
15.14576063895929,70.13786758632372,58.49446324379039,4.667522252196536,Wheat,Initial,0.0,0
23.659793493306175,85.07312110401675,17.791244084125573,4.678589917757396,Sugarcane,Initial,0.0,0
20.611780478330523,81.00551701735097,45.85572020561296,5.417501253844853,Maize,Late-season,0.0,0
30.48427762505637,36.14328653757153,52.38937225461881,14.252574412672836,Cotton,Initial,0.0,0
24.51233987364781,37.554333126312436,7.737955083767407,1.5632908134402712,Rice,Mid-season,1.66,1
18.851667489775377,58.18113714248533,50.63326264293852,2.1524021516262,Rice,Initial,0.0,0
18.460997978075643,29.219140999922956,39.076252362826274,5.627847485138133,Maize,Mid-season,0.0,0
23.891674492027615,23.165035143597382,32.29623190253518,3.9313733744221677,Wheat,Initial,0.0,0
35.5325443694538,93.86968313311188,57.01760943546535,1.0976631354238164,Wheat,Mid-season,0.16,0
34.021328183115486,54.038492285518366,34.733604687860094,9.472290154571345,Rice,Late-season,0.0,0
25.076598965838425,56.99356197694893,36.8521392219277,1.0479149005129431,Maize,Development,0.28,0
29.01740206851259,42.354317884610715,28.239665912312017,1.7715155347568932,Rice,Mid-season,1.16,0
19.41742736278023,47.20753498531069,18.80429634738389,5.751125334435142,Maize,Initial,0.0,0
28.54968654900224,78.34583956027407,51.27368454533265,4.334723342586951,Wheat,Mid-season,0.0,0
22.637919564231858,87.11519005291399,6.33133244323914,2.143175885624233,Cotton,Late-season,0.0,0
36.876996523966746,60.24336425214652,20.30194528878522,0.3179374557764026,Maize,Initial,0.28,0
39.165914189042795,71.45181679519183,18.74459469002894,0.3392574277843581,Sugarcane,Mid-season,1.1,0
27.664081259980996,57.83185595475777,37.179279900526886,3.5992016318040196,Maize,Development,0.0,0
23.9838221575641,25.33851772385647,9.923610823826326,2.843847680797193,Cotton,Late-season,0.37,0
28.93563972621144,42.86286269422002,42.83505503004284,9.973841286513972,Maize,Initial,0.0,0
20.21056821435377,28.713543069056684,38.893972231394685,2.9336400476427222,Sugarcane,Development,0.08,0
32.6346917988801,31.136238725396332,35.48653882163739,3.7448682146500727,Sugarcane,Mid-season,0.91,0
16.487960278398003,86.59046988884977,43.664544938075075,1.217534918634295,Cotton,Development,0.06,0
20.680046201305565,21.728531630495556,54.32106024492595,1.1830862329469547,Cotton,Initial,0.0,0
22.549238681418558,29.555605377157175,40.159458574974956,0.3905804869431593,Wheat,Mid-season,1.31,0
40.80226546653238,77.90671429109638,51.33042336000771,7.148234887113555,Sugarcane,Initial,0.0,0
37.50650096043489,34.63316150181575,54.093623042428085,3.068445354785847,Maize,Initial,0.0,0
17.537755094248254,41.80417307154988,59.10525196983533,16.184530955637385,Maize,Development,0.0,0
27.945284410043673,47.54582759605319,55.259798744371935,2.296667531333026,Rice,Initial,0.13,0
38.44885608247478,82.58218399293068,50.81534183605974,5.989520625581541,Rice,Initial,0.0,0
24.076326959102037,43.135190943701474,6.102529974291058,4.368179001626665,Rice,Initial,0.4,0
38.0543818251805,30.51240750370478,34.9300731937241,0.04020189027657103,Maize,Development,1.27,0
16.46371709356181,74.41085255116153,9.458276013268174,6.30188659842545,Cotton,Initial,0.0,0
38.69824993881737,80.98624912728606,57.68066196114021,10.760577993176634,Cotton,Initial,0.0,0
19.59699710738677,40.378063914056966,16.69998313716502,4.626478118163569,Rice,Initial,0.03,0
38.41115992327744,91.45046498743068,27.26729392899794,3.5296481786051848,Cotton,Initial,0.0,0
22.458451423824876,79.42930815191102,17.388194628438544,5.720037927578987,Wheat,Initial,0.0,0
40.12211221471584,82.76958746334677,59.75159859032709,0.11413575713968774,Wheat,Mid-season,0.43,0
28.184360356297816,45.32893584216628,35.209767134164345,6.898795481368158,Rice,Mid-season,0.0,0
23.764437548617508,74.0869451160408,41.17838290199024,15.984628994553074,Wheat,Development,0.0,0
36.313241791296576,74.25460166411963,20.07228743373517,9.352885461323885,Wheat,Mid-season,0.0,0
22.350494647663204,48.81205684650969,50.976451950907936,0.8045611962151479,Rice,Late-season,0.42,0
28.293655052296224,22.747227319911456,15.766031625149093,8.764879697815918,Cotton,Initial,0.0,0
22.895207264874696,85.61729259484447,47.44806164875913,2.7056294066653193,Rice,Development,0.0,0
40.95603504225977,54.42272885490116,18.1134948424416,14.22076735228298,Sugarcane,Mid-season,0.0,0
17.84215938697148,62.95121118925171,32.53194891965643,9.675455723234245,Rice,Mid-season,0.0,0
21.891275727295653,70.67330478986665,34.8416498894569,1.3266333239628103,Wheat,Late-season,0.0,0
34.85905905642669,69.78437179560831,11.23629025539149,6.375845698710735,Cotton,Late-season,0.0,0
24.234611934695504,82.41793300313313,20.113879592234532,6.605399525637292,Wheat,Mid-season,0.0,0
40.68770205707922,66.67374779364138,43.8695217374508,1.76938952575281,Sugarcane,Mid-season,0.46,0
40.17847431666004,56.60783353260332,39.674646361189446,6.626410823267481,Maize,Initial,0.0,0
34.44274467255681,70.69943673172551,43.811263363067056,3.359178462840051,Cotton,Late-season,0.0,0
20.996219081642725,81.84697646006697,38.45925255924233,2.938103158309456,Rice,Mid-season,0.0,0
16.291647937690048,83.76289589037856,59.867042612028484,10.899276491875616,Cotton,Late-season,0.0,0
15.318056659739334,94.80672042901656,20.45906369948122,5.513394518437611,Wheat,Development,0.0,0
30.66617036937683,87.80262398409195,22.609964208564122,5.547162726056704,Rice,Mid-season,0.0,0
31.267806816517673,42.18670389363974,53.8515056267782,9.181806202225498,Maize,Late-season,0.0,0
27.10701170743019,44.040212510487166,45.94305895973293,17.740357579350032,Rice,Initial,0.0,0
38.247901799250485,62.439730516971466,13.647961580182841,5.865969236814392,Rice,Development,0.0,0
32.56637612780679,86.72655594287487,29.223901386082535,11.572156071090117,Maize,Late-season,0.0,0
16.105691368035956,59.54897596998948,53.750275590254745,9.096884831799862,Maize,Mid-season,0.0,0
39.895317657431896,27.839591590677067,12.081096158164218,4.071004365965094,Wheat,Initial,0.0,0
41.307435326148834,23.4696438005,24.567574631036308,1.196963372414515,Rice,Mid-season,2.62,1
18.236976850063826,56.264155052372864,42.69922873042103,7.548084923291677,Wheat,Initial,0.0,0
39.04267849756502,62.69610372128933,49.65500132279476,8.24968599343998,Sugarcane,Late-season,0.0,0
17.974647246848093,74.096545173037,13.60348053518905,9.483516738613455,Cotton,Initial,0.0,0
28.509675730378536,46.81349963204277,20.258470414053853,5.147325847658848,Wheat,Development,0.0,0
38.51612519628865,45.6750561845743,47.33747690620721,4.120333640138615,Maize,Development,0.0,0
28.976005366745113,63.340781108068185,46.212344532833896,16.718013149189325,Cotton,Initial,0.0,0
16.442734264557462,90.31627530555039,34.143159403501336,4.771300331013266,Maize,Initial,0.0,0
28.479558503168917,40.421424553110064,14.31680747973682,4.848705485676642,Rice,Initial,0.35,0
16.95364595901582,86.08288612674244,19.116392944275294,4.494523097197393,Rice,Initial,0.0,0
27.471980513554847,83.35938033994336,54.36592063992381,1.5370401474275799,Cotton,Initial,0.0,0
17.69960168206197,22.515940355911837,35.82194246009685,5.934391742130158,Sugarcane,Mid-season,0.0,0
29.962893897117567,77.15245407792884,34.55585547441203,9.187501203706232,Cotton,Initial,0.0,0
24.902306063500383,37.78027933806335,29.600013248641712,0.3756461229332233,Cotton,Mid-season,1.49,0
21.027895828872744,89.17308316126886,28.4241235270175,21.176361892871626,Wheat,Late-season,0.0,0
40.132487332746805,20.401174152066712,46.1531343399495,11.66783316902103,Maize,Initial,0.0,0
40.20933046558925,60.678992014282905,34.01010550469527,0.7606659384152908,Rice,Development,0.98,0
24.222380089495427,85.59543458773744,36.01268675404717,3.632944278625081,Maize,Late-season,0.0,0
30.65552443358944,32.18867335678365,42.08086925757113,0.7162862752199293,Maize,Late-season,0.62,0
25.189465874318962,53.35669236515094,7.553851051554677,0.06914180331618255,Wheat,Initial,0.52,0
18.472849631858185,53.43340606696027,49.84450431205588,11.005504600045395,Rice,Development,0.0,0
35.20613173456093,39.652625338015596,53.494451851746796,11.119803633761919,Sugarcane,Late-season,0.0,0
31.573840515208556,26.578823128997325,26.534540478089607,6.246973503689955,Rice,Mid-season,0.45,0
31.866918073978415,41.19056477468327,25.79137221889211,0.5431968968627479,Cotton,Development,1.02,0
21.721475169515564,44.33286714762997,23.381843549306307,0.1303977196302097,Maize,Initial,0.33,0
36.689223484986904,87.29738718123039,33.502007359976005,3.0394522498211756,Sugarcane,Initial,0.0,0
32.23828690760788,41.51118104052734,21.149781546793083,2.550783501233344,Cotton,Initial,0.0,0
33.3303227402156,49.397580520584725,19.49829918937848,15.465640813478556,Wheat,Mid-season,0.0,0
40.21668614173339,35.25597516487363,13.0791790152113,9.683564616827399,Rice,Late-season,0.0,0
20.037619479848317,40.20197754976533,49.03651678389211,3.0244785473208466,Wheat,Initial,0.0,0
23.595504597672296,48.59224645811575,59.48919072427078,1.4225494602002073,Wheat,Late-season,0.0,0
37.798863266144366,37.94174102493935,27.836756617638187,4.773745414306516,Wheat,Initial,0.0,0
27.40656119739857,47.18822984915927,37.26554802762088,4.895789225277496,Cotton,Mid-season,0.0,0
30.303764835282582,46.58179939905396,25.963078511910457,2.6538857174587145,Wheat,Development,0.17,0
27.194252879008623,84.2547459879423,56.92521322617005,2.0469601924241716,Rice,Late-season,0.0,0
17.56652649447924,35.035178582476924,27.740617169058805,1.1546358001602224,Cotton,Mid-season,1.08,0
32.87071647720666,35.56020785441579,54.821760565433756,9.117774351030498,Rice,Development,0.0,0
21.3873339806997,74.74949184837227,12.245908979758028,5.7008877004859135,Cotton,Late-season,0.0,0
21.16873254975964,84.98205521740671,6.832775969172965,12.197031477656617,Rice,Development,0.0,0
32.435497804326886,38.756185168545635,51.010381514328756,3.59027778151109,Cotton,Development,0.0,0
30.41677242580142,50.59119576477373,41.379629913720564,10.68125684786703,Wheat,Mid-season,0.0,0
20.34953002923658,20.69006732190346,39.499212034978804,1.9017317661905873,Sugarcane,Development,0.49,0
26.611494320164404,93.83314651875263,21.376478451973437,4.577760191478498,Maize,Mid-season,0.0,0
40.38485553768952,86.90557633202155,34.453705384727996,3.9218798270213013,Wheat,Late-season,0.0,0
25.45035032224195,68.54167125483916,7.462261377866778,0.27781528616657364,Maize,Development,0.56,0
29.839802129862946,86.58632302518643,10.756334864934296,8.648092050865037,Maize,Development,0.0,0
23.54826574034015,50.01164546490492,13.277252393992205,3.5015647111105066,Maize,Late-season,0.0,0
34.11016741578703,56.2258891661284,54.307733802744714,20.27948094462683,Sugarcane,Mid-season,0.0,0
26.21685343901084,50.59719516542948,22.850476035200938,7.609129569748331,Cotton,Mid-season,0.0,0
16.191930176361296,94.4069140271615,12.169342384313548,7.949856251882192,Sugarcane,Mid-season,0.0,0
36.75323523415301,70.18877391493572,45.28428025217471,2.8300463048516926,Rice,Initial,0.0,0
21.6095965710466,71.04373196890754,11.669569134752518,0.6038484747071202,Sugarcane,Development,0.53,0
32.491600042422114,73.40539941859478,14.814787075410614,0.41467021605790716,Maize,Initial,0.13,0
22.037992329176745,84.00098732065429,52.492029775455,7.403521749864451,Rice,Late-season,0.0,0
37.188639399863405,77.69379194311901,37.81976445584194,2.0564253199856806,Rice,Mid-season,0.13,0
18.05467031719864,46.35342250685815,59.90223478349778,10.984036350338984,Wheat,Development,0.0,0
39.33399861050721,32.29401965352086,25.97748454467179,0.7591670236347356,Sugarcane,Development,1.44,0
36.323567890835136,69.76265520539428,24.015163870614884,0.9400785628085345,Wheat,Mid-season,0.76,0
33.71903165089029,78.85425613845187,50.454950885023905,12.253395947751741,Sugarcane,Mid-season,0.0,0
19.05838680706716,22.89436714536004,53.33846302520687,1.8911948365422837,Sugarcane,Mid-season,0.64,0
27.648453401351336,64.87295567720142,6.703383188238057,1.6071985741875232,Cotton,Development,0.33,0
40.26702185100094,37.55039653702774,9.641337134224287,1.500226474003301,Maize,Mid-season,2.41,1
15.969104282101176,88.61433544405698,24.360912037603306,2.6450243558654076,Rice,Development,0.04,0
22.304088064639856,80.35444878060733,38.852002781669555,7.007661375115611,Maize,Late-season,0.0,0
23.36268898728591,56.210756999627776,22.768908762316315,9.13085703173292,Cotton,Development,0.0,0
32.81361829223326,30.27366667321459,42.777657155420044,12.226490343943224,Maize,Development,0.0,0
30.116095260930884,92.08387010162302,39.506810542371554,1.5024887732356407,Rice,Development,0.21,0
17.820968552356867,74.02009429605467,42.80056524272202,0.5032702570786806,Wheat,Late-season,0.08,0
30.34874945823413,47.27941408517631,46.609622092241864,1.4877561195714273,Maize,Development,0.24,0
37.66401701545034,53.612813526598885,40.018110289686796,1.2502478415255556,Wheat,Development,0.41,0
31.678626949668445,54.22444428667989,54.1750253091815,3.444472983273892,Maize,Late-season,0.0,0
36.636505573296716,50.787861601126735,17.654647052161128,2.6050711974117826,Cotton,Late-season,0.18,0
21.146078467123594,59.3327259393312,49.33532113784111,2.180736200608797,Wheat,Mid-season,0.02,0
21.632052499317993,28.195958402611993,48.6911323801071,0.5210759889723601,Wheat,Late-season,0.27,0
38.087954393930886,45.98519653090004,58.51749422327886,19.494135965414326,Wheat,Development,0.0,0
38.972202442859924,27.669821074783705,45.92696771429036,8.194149941300875,Maize,Initial,0.0,0
38.49531064329054,30.39893968349778,12.002153331069875,0.9659356574647305,Sugarcane,Mid-season,2.84,1
36.63703145751819,49.82262392995648,23.497200012772556,1.3360258579604438,Rice,Development,1.27,0
29.89937580542255,67.38311327395665,19.1415177199282,14.845849090365855,Maize,Initial,0.0,0
41.072635718693135,21.114209188062784,31.46191304992651,2.0275843331122867,Rice,Late-season,1.48,0
30.407943632481306,52.669186850953174,27.816576766587723,6.597356297124191,Cotton,Mid-season,0.0,0
37.49832461496789,38.74692359296216,38.524068036473494,4.3997311566443225,Wheat,Initial,0.0,0
40.68895124995797,47.10989963738866,47.7724206951191,6.712370887069529,Rice,Late-season,0.0,0
27.094478285607988,59.78548903983442,27.86758724698657,9.49817971293071,Sugarcane,Development,0.0,0
38.29222939953459,53.2490240579524,37.22246777903568,18.664853198210917,Maize,Late-season,0.0,0
39.44368936615442,26.22790683576398,15.507852778977556,2.9058375903162315,Rice,Late-season,1.46,0
37.03815200029561,94.11965863573901,26.386832306076403,0.2428830246096034,Sugarcane,Late-season,0.48,0
31.318279415235818,34.89071441511513,32.215565114178105,6.779994598574826,Cotton,Development,0.0,0
28.48969712396657,42.89108975966444,58.55584201211714,5.443744624167853,Sugarcane,Mid-season,0.0,0
34.98818261727527,43.457054556636194,50.4743912029568,4.518766879764889,Wheat,Mid-season,0.0,0
31.980438912937608,28.845400615567513,41.021760751202685,1.665465457824755,Cotton,Mid-season,1.29,0
40.20761520154754,85.05159793365183,17.848496761993026,7.533772738017409,Wheat,Development,0.0,0
41.21442720914648,48.02042446505443,42.48033368844442,0.3282195121597226,Sugarcane,Initial,0.41,0
41.02307685208088,60.42356558375904,20.83337268341645,0.6407066578543061,Wheat,Initial,0.34,0
32.411113172602626,48.045403520283095,57.30177435262089,0.11226502847869675,Maize,Late-season,0.45,0
36.09393775213701,47.443957656018156,18.288135412202195,5.576768184865758,Sugarcane,Late-season,0.0,0
39.18262882874578,27.91987970196057,43.86023912555548,3.4612249511440467,Wheat,Late-season,0.0,0
18.40726745770839,70.8421188872066,36.463005154975974,3.2704991644760986,Rice,Mid-season,0.0,0
34.49337796856033,90.33062412011165,10.018841251547645,0.09847666807541607,Maize,Development,0.6,0
26.777789262241225,34.60953519829451,49.88184262661376,8.111621637664847,Maize,Mid-season,0.0,0
32.802458183679754,88.22951284506478,59.031480498466166,1.1034262934096284,Maize,Initial,0.0,0
16.522836659541344,85.12227636209958,21.20931657710578,0.009068387942867514,Cotton,Initial,0.27,0
24.191909162684297,94.3239627122514,33.79478766213949,1.145267073498393,Cotton,Development,0.15,0
23.918307564035718,21.479430984738162,12.435067979428654,5.940439200450781,Wheat,Development,0.0,0
21.229825468365206,46.305297380323154,46.675421947626155,4.3661677646194805,Maize,Late-season,0.0,0
20.164807230805888,50.55539537085116,56.532208964978246,2.3680665673454526,Cotton,Development,0.0,0
21.88735500537775,29.52751819799238,8.219513004402756,1.8221928620472216,Wheat,Late-season,0.2,0
19.698282096435353,77.05694812902125,5.871093901968082,4.080079546816665,Rice,Late-season,0.0,0
28.676849997530773,62.212267791095215,22.2352231951503,1.7485594985074178,Wheat,Initial,0.0,0
38.52447867927124,34.443622434389596,10.369031829433192,11.40391284354126,Rice,Development,0.0,0
29.885569547895983,46.96573583900026,11.919128499032823,4.449846561183245,Sugarcane,Mid-season,0.69,0
23.458452300730826,59.50694657691614,22.83379806185838,0.5884866386562728,Cotton,Mid-season,0.93,0
39.54927416446054,27.63158963757618,7.70339457985907,0.026641697883699415,Wheat,Development,1.94,1
32.830444631423994,74.78103146613445,29.929392585994773,5.7652681984560274,Maize,Initial,0.0,0
33.03076793963866,23.044698897678003,26.49141415118523,7.823510198881735,Sugarcane,Late-season,0.0,0
34.336017029643756,35.31789654273983,18.59628154118483,27.719462250768274,Rice,Late-season,0.0,0
18.51070890255358,44.57412227627117,16.559670937865786,3.442668789369576,Maize,Development,0.0,0
39.34065172518518,22.60549605835861,22.593376716726983,4.5398508695849475,Sugarcane,Late-season,0.51,0
27.96340818338365,81.17491556109752,8.449719427795234,8.450197532406357,Maize,Mid-season,0.0,0
18.611538767079058,86.42764351553582,40.707582874752994,0.8929168834625756,Rice,Initial,0.35,0
31.437544924870625,33.44721764450364,17.416969118126545,0.12730563360972041,Maize,Mid-season,2.32,1
36.8798387935048,79.76361325790924,12.016248325035633,11.680767676064871,Wheat,Initial,0.0,0
39.23327280417534,53.537037839799765,29.032517359603375,7.674819220265402,Cotton,Initial,0.0,0
35.825724866854955,83.10798199671837,38.973202240372494,5.170069669522324,Wheat,Development,0.0,0
37.37031700870073,79.12064061281222,19.246932925684092,6.166608502404392,Cotton,Late-season,0.0,0
30.82762048714374,77.31917555181059,59.62347569745883,7.100344098371952,Maize,Mid-season,0.0,0
31.64444371217753,93.94419942275132,40.19760118130137,9.839618417501972,Maize,Development,0.0,0
40.106179513515144,48.60615078375174,9.326413207284226,0.9429480153185847,Maize,Late-season,0.89,0
18.53514380742299,72.21660770909543,16.33405789654464,2.910083736516466,Cotton,Mid-season,0.11,0
33.158104914429764,72.81943058768147,35.72422852764042,11.697172329524747,Cotton,Development,0.0,0
18.421243851324448,62.47221077930656,26.912025663518342,1.6745378684760568,Maize,Initial,0.0,0
27.490720342210697,78.88038961726346,50.186773046846085,4.042667988124749,Maize,Late-season,0.0,0
27.62947223585465,92.60543771822589,46.41424061715518,8.334344861052255,Sugarcane,Late-season,0.0,0
27.632205491122317,68.49658502431666,50.65179759954411,0.25264505675110943,Rice,Development,0.49,0
29.80682529203162,34.79854779320449,22.4490369047335,1.6559379870472246,Cotton,Initial,0.12,0
16.39551335760056,31.890211887494267,49.698117385668034,0.7112982420315834,Sugarcane,Late-season,0.43,0
27.241006351312247,58.784066608499785,46.99857637877872,2.9649929571236284,Sugarcane,Initial,0.0,0
31.695350290227353,28.482480456786682,13.598229111606122,2.8726777787232525,Rice,Mid-season,1.81,1
29.529700828193892,55.161421851143096,21.15690301650625,1.624128934928126,Maize,Mid-season,0.97,0
26.432847732294398,58.61956316455041,14.387258941622852,5.436971021808342,Sugarcane,Initial,0.0,0
21.964366683246315,56.86356693738699,58.654003096149594,2.02663864185642,Rice,Late-season,0.0,0
17.4352839054066,65.45112518595823,9.929747531753986,15.99971043893296,Sugarcane,Mid-season,0.0,0
36.28031427966407,72.80782705787277,37.435096984205614,2.9883921674176954,Cotton,Initial,0.0,0
23.559026182826205,83.74906948767578,51.545803506755306,2.2031301414118754,Cotton,Late-season,0.0,0
37.97101923898184,51.79479012722497,8.656022161504435,0.007929506716800427,Maize,Initial,0.53,0
24.290038320999606,94.78489206187746,47.48260497950063,7.162224643816037,Wheat,Late-season,0.0,0
38.96855874311966,43.86406095922915,14.129297188213199,6.849984743028372,Cotton,Late-season,0.0,0
21.84834680721714,37.10463626750149,5.633930772914189,0.6982689016465817,Sugarcane,Late-season,1.07,0
18.155726535955353,93.93938303082031,21.974795668817286,0.698172446026682,Maize,Initial,0.02,0
16.72917514434929,84.68255976058677,57.8824823580431,1.4167733835297045,Maize,Late-season,0.0,0
15.597630177796422,68.05326685454162,27.765933192892387,1.5739541929859797,Cotton,Initial,0.0,0
32.65862309678653,51.21627732742358,14.881260896645161,5.841565863293532,Rice,Late-season,0.0,0
22.518562854714343,87.23546429444715,39.99203557681396,6.559351146849542,Cotton,Initial,0.0,0
39.620557090815204,75.42093849340456,15.88034358627276,9.269450719380464,Cotton,Mid-season,0.0,0
33.51128279671161,76.9166637605335,34.29771243925987,5.090595551194154,Cotton,Development,0.0,0
17.7293920427038,43.163545608621504,38.624635720411035,16.62870543426365,Rice,Late-season,0.0,0
22.612295877227478,53.26997759886404,14.410636312737102,10.327865047112375,Cotton,Development,0.0,0
17.300412894110874,68.75693383549486,40.95110620230912,15.643024975021769,Cotton,Initial,0.0,0
17.981056437271608,51.463528200313775,22.40759785944412,0.18115309783604994,Cotton,Mid-season,1.1,0
35.62899422552174,21.352843212848335,56.38393145029986,0.4519470120225394,Cotton,Late-season,0.66,0
39.26264660547371,90.58516886378354,52.71123629227849,1.6952280003908977,Wheat,Late-season,0.0,0
26.51673386247205,30.44725170553256,6.224985028697312,10.167433701290625,Maize,Mid-season,0.0,0
31.43551943881184,89.52413561133466,41.58160979624886,5.869700092223638,Cotton,Initial,0.0,0
31.096932073864174,88.69572529655393,20.836375175127046,1.026063712477455,Wheat,Mid-season,0.6,0
34.24023799705661,71.6022889213986,22.562428401175573,1.4531146437307154,Rice,Initial,0.44,0
39.929086723288094,54.298745741961525,51.54066263849054,3.010352269881469,Cotton,Initial,0.0,0
26.51296352528327,60.306270394985525,6.237738008577756,2.9359512605366245,Sugarcane,Initial,0.0,0
33.36124352210528,67.63677416479513,55.02554856404614,0.09098283861160682,Rice,Mid-season,0.62,0
36.258418907062094,60.600153702595044,22.814255391920852,0.7323627906570769,Sugarcane,Initial,0.26,0
27.71058459446528,85.8586397739276,37.22186673382426,5.607236930497855,Maize,Late-season,0.0,0
25.747480698331316,58.52250379464883,49.167503857173394,2.339232159333827,Sugarcane,Initial,0.0,0
17.583633133566032,88.59383264163108,10.006997321999295,5.2235926706910725,Cotton,Mid-season,0.0,0
25.951723536896942,70.9663877429513,8.69015529464333,4.503388546476737,Maize,Mid-season,0.0,0
37.36174446293805,32.78977920453315,54.358047754299555,5.337691987081196,Sugarcane,Mid-season,0.0,0
22.904021811745316,25.938980683146937,31.830256056003456,1.888628731386577,Rice,Late-season,0.78,0
25.61560173323513,49.082324639731226,20.777678124053665,1.5638344393267334,Maize,Development,0.42,0
16.886271858485866,70.82083865746955,14.505102830104876,2.111829832519344,Sugarcane,Late-season,0.01,0
22.289288195097477,77.63158033379315,53.67584285009922,1.2521058275954573,Rice,Initial,0.11,0
27.698749294304573,85.51814793198007,46.9539479081693,3.5982486387435406,Maize,Mid-season,0.0,0
18.91588381124699,75.26038300407492,38.076284228998226,5.327630465681306,Cotton,Mid-season,0.0,0
40.04295942411126,24.971764058491267,25.17432368270031,2.5767764164379363,Wheat,Initial,0.17,0
34.2821349525887,84.59241704452894,13.507666650167364,3.0032686639110056,Maize,Initial,0.0,0
28.17703205560725,31.611181615380147,25.330371469238678,1.9972062864020725,Cotton,Initial,0.0,0
30.434188685301578,87.71574852972469,26.696654724112793,19.85122643675664,Wheat,Mid-season,0.0,0
28.80998826328635,68.3019827833958,10.622329412256946,9.30624010994799,Sugarcane,Initial,0.0,0
41.623821965659246,67.73215578146369,50.876137079647876,8.04126164745791,Rice,Late-season,0.0,0
22.009486881296716,52.28701875736325,30.698273942486043,1.372741509147002,Cotton,Initial,0.0,0
29.64879228211744,93.38332941151772,49.55097779254448,4.05633104268653,Maize,Development,0.0,0
28.63162000757329,86.53298843890029,24.697962965769303,2.3792424533213548,Cotton,Late-season,0.0,0
22.155942789794782,60.21442094616531,29.70315115027169,2.900170904922688,Rice,Late-season,0.0,0
26.00895883717306,68.83827205577137,47.238171679539285,16.186228644114994,Sugarcane,Development,0.0,0
18.02665977947049,53.0574351077406,31.343380879940927,11.364843995311041,Wheat,Late-season,0.0,0
40.739755151952735,56.38489307857511,58.55792755384109,0.04116056089475929,Cotton,Late-season,0.45,0
40.140252202470464,92.076570182391,5.719209379603817,0.9419044066948051,Wheat,Development,0.38,0
16.71744289676552,36.580915527008145,33.18418728091363,3.9472173840214095,Maize,Mid-season,0.09,0
19.59991577110134,57.47792550009915,37.66673415188729,0.8032016904053336,Maize,Initial,0.0,0
39.41883878595772,94.9174465284629,59.29679501571277,10.671580322430671,Rice,Development,0.0,0
33.537505886019176,51.2444170838149,40.66898647533115,1.8512075681103388,Wheat,Initial,0.0,0
26.556522515870384,69.3712837569618,19.509334122049665,0.060716842284251046,Wheat,Development,0.55,0
31.355506212692244,92.21528705013573,37.42089417012858,3.185465497704534,Maize,Initial,0.0,0
40.05331700627473,82.12836092012347,22.76383033500944,1.354153381775164,Sugarcane,Initial,0.0,0
39.46128891475003,84.76598987535715,42.07321490145327,1.2080523688227984,Cotton,Development,0.07,0
28.664243584993795,73.7914423257815,50.81124066161032,6.787980561482354,Maize,Late-season,0.0,0
16.724392080207643,22.371502867809795,19.217531223477668,11.546341082419007,Sugarcane,Initial,0.0,0
33.433637040473414,72.5569000579787,44.96687580920169,14.288790117679724,Sugarcane,Late-season,0.0,0
31.831540449730284,69.92865764428554,16.75571441336171,5.354773917466464,Maize,Initial,0.0,0
19.12997050635508,80.48021144349308,33.06359048917301,18.954570131941413,Rice,Mid-season,0.0,0
27.97809303223707,53.59965910016511,11.64287373379183,2.776633685162117,Sugarcane,Mid-season,0.87,0
26.306492743031683,52.38827692340222,7.966292056247917,3.634000819683281,Rice,Late-season,0.17,0
35.537856234637374,56.05425923517299,56.236073900435514,6.152964911010147,Sugarcane,Initial,0.0,0
20.317204160903497,78.29716818793051,50.76521048457132,2.241338973945238,Maize,Late-season,0.0,0
25.396368338497652,75.47059767501028,27.97014532277865,6.671392268671029,Cotton,Development,0.0,0
29.125270045076324,87.39791962258275,14.041597638062777,8.150990765036608,Rice,Initial,0.0,0
18.433892108855947,49.89194181080957,14.358395262948429,1.4699798189455435,Maize,Development,0.35,0
16.000403829724306,60.14395509719818,43.763757995891254,2.0712519233807187,Cotton,Initial,0.0,0
22.521334736552802,77.86916483508605,24.318410775583057,8.356074335995153,Sugarcane,Development,0.0,0
19.41598603717309,52.68862696352062,29.875098175902643,0.08119683089237535,Wheat,Mid-season,1.01,0
19.99300250686607,28.519048803400615,23.78393414817501,16.708446531278852,Wheat,Late-season,0.0,0
24.622434920121762,44.261582123235954,6.27307245532546,3.469073573316561,Wheat,Initial,0.0,0
19.26142960689032,77.32430001550277,32.09708816710516,2.0699615843744636,Wheat,Development,0.0,0
33.539561430559004,83.1017578478899,27.816618360830017,7.302093088203279,Wheat,Late-season,0.0,0
32.9985614380457,65.40077209581729,9.789512727528574,0.18601971379583576,Sugarcane,Initial,0.41,0
22.945931897696,26.48343148800489,46.76857877260676,1.8847089882708856,Maize,Mid-season,0.83,0
17.264590940904327,94.46029836395108,11.9950349497881,0.37549515148855306,Wheat,Late-season,0.24,0
32.55801829998471,44.67542972466747,26.529984893695914,1.5198227235646837,Maize,Late-season,0.44,0
32.696223813677086,20.61989734593938,47.89782532972162,5.492602550568081,Cotton,Initial,0.0,0
36.553370906750246,78.75025189434655,24.376629490721797,1.7758641354052132,Sugarcane,Development,0.07,0
15.225872819571894,26.200027848990672,11.939327458180522,1.0253629569737837,Wheat,Development,0.79,0
41.790531701250295,68.94600513105152,8.371433694707298,3.728304771486946,Cotton,Mid-season,0.34,0
18.892531027087337,89.02042766018057,29.242088622145292,26.069091272202076,Cotton,Mid-season,0.0,0
31.41485797245745,27.857190233858006,29.982530309377807,1.3640716949947467,Wheat,Late-season,0.31,0
36.16582879142358,81.81349997190188,44.79851907668733,8.939331993952752,Maize,Late-season,0.0,0
32.52517625450988,46.267746074530756,55.440417784448684,0.7192067430597429,Wheat,Initial,0.13,0
39.753777608018964,62.01289216755188,13.460425847907603,7.88573902112609,Cotton,Development,0.0,0
30.798284845032367,53.21855735314727,6.879657397259808,1.9257546925904336,Sugarcane,Development,0.65,0
15.196365807738252,24.56841701536453,28.586145841356487,2.548515823057756,Sugarcane,Development,0.27,0
37.4582031049993,93.53530983373034,32.16158581078587,0.04873854927230899,Rice,Mid-season,0.8,0
23.696175533539176,63.39390114447123,9.130150519292268,14.354960692324369,Rice,Development,0.0,0
39.63977388397022,78.53913520677663,46.54904998835696,4.666161920549498,Maize,Development,0.0,0
32.2260873508387,67.15410402691866,35.45505272690987,21.49358394325175,Wheat,Mid-season,0.0,0
35.97755248659807,85.43471113127556,16.860186949921705,0.4376256852271585,Rice,Initial,0.74,0
41.316317091792136,65.29054338696426,45.42406343964425,0.5853868308187509,Rice,Mid-season,0.8,0
37.658193257531536,68.97445486562881,32.6251175527463,6.39149172360573,Wheat,Mid-season,0.0,0
30.995900395758404,83.55546011969274,24.629493794611516,0.5730679485203997,Cotton,Late-season,0.28,0
34.63182012457969,28.04759077780044,16.33267081170895,0.7982144453414366,Sugarcane,Late-season,1.48,0
16.698100806217145,71.49398765858247,25.155130641425526,7.048659287639774,Sugarcane,Late-season,0.0,0
18.092723088835022,43.57887808005938,49.55689852453713,1.5473102923169033,Maize,Development,0.06,0
37.28520540246224,94.03117730044777,35.62843245813812,1.6289883041800701,Cotton,Mid-season,0.27,0
15.143753145418735,62.36143721647971,23.65618871995549,1.9480845867783865,Wheat,Development,0.0,0
37.99008013147784,65.68965435449947,51.92451382556974,1.5366839142320285,Maize,Initial,0.0,0
32.67328716303715,91.55704361767255,47.633851069091534,8.138904280354254,Rice,Mid-season,0.0,0
20.043081793384008,51.91725242887637,35.22192654315012,5.672533028815129,Rice,Development,0.0,0
17.15041848393868,52.22020575864101,35.48774289460104,1.9930382839449898,Cotton,Mid-season,0.33,0
25.05824122567546,39.680586692805875,46.7846730774509,7.428306483427144,Wheat,Mid-season,0.0,0
31.521410288717753,48.013974817380586,43.607096006589366,9.030963545026186,Wheat,Initial,0.0,0
30.86775067734543,38.9136486364452,16.20445663027166,2.0804935070672723,Sugarcane,Late-season,0.73,0
17.60789442735237,91.3824137106745,48.49251850526187,2.3414484520462873,Sugarcane,Development,0.0,0
16.277762313683375,23.09208604992953,18.79390843115795,5.851105001850577,Wheat,Development,0.0,0
24.195550310370205,42.5869264839084,36.80263823932326,3.4470675388351624,Rice,Development,0.18,0
40.04259588500754,54.37124122897048,41.2695112293601,12.29371857165785,Maize,Development,0.0,0
17.801917133137998,80.96963040454528,7.1380533359179115,5.378525280232735,Maize,Mid-season,0.0,0
38.531733379119416,56.37442134331246,21.806705263030416,3.645311746419777,Rice,Development,0.44,0
30.236128746085416,28.589965124476116,59.83447765469031,2.7717622480168074,Wheat,Late-season,0.0,0
34.17566590453915,47.29245548714994,50.83008677658167,3.0281612918229897,Cotton,Development,0.0,0
17.90123684393094,83.45893891663339,45.464489272796044,1.18948917752015,Cotton,Development,0.05,0
26.470429889369402,51.278990277719046,41.50891156234676,3.3650373694925078,Cotton,Development,0.0,0
26.673611787962646,94.3774595763922,56.015874185047316,1.838854162449013,Maize,Development,0.0,0
37.67364754904228,94.78776885692933,21.093489172180504,2.2141601245865834,Maize,Mid-season,0.28,0
40.49419864283492,80.8859830209334,45.800799255076285,6.6779361152554,Wheat,Development,0.0,0
28.63575724601671,22.287241088956584,12.249570542360253,10.883710736774198,Maize,Initial,0.0,0
26.41744704459535,58.78627717129079,25.349938727798758,6.750388222645876,Sugarcane,Mid-season,0.0,0
16.218128722239406,90.00807553781438,43.801925171824905,6.849433300651503,Cotton,Development,0.0,0
35.189072500045484,53.08371230737502,45.34920061083707,4.904503448620723,Cotton,Late-season,0.0,0
21.098798149206548,65.91189942074217,28.813517741183848,0.36836492890490136,Wheat,Late-season,0.17,0
38.59318917138084,28.98685690319504,29.809910810675735,12.088796069512512,Sugarcane,Development,0.0,0
30.562949889248102,79.4002344597647,22.837251513156932,6.2968028424749,Wheat,Late-season,0.0,0
18.907187175686037,80.84229188010184,17.245707937473195,6.318676949312758,Wheat,Initial,0.0,0
36.674673129475025,37.91785217506824,7.300189308255595,4.88935407637655,Sugarcane,Mid-season,1.38,0
32.385136427876674,61.29599734888577,18.781986712680602,2.535238641895652,Rice,Mid-season,0.62,0
39.16680151927778,49.47130737435148,57.896936309000786,2.6874401558190226,Maize,Development,0.0,0
34.16472725835404,91.29440098069537,18.45389507287463,6.854684036600084,Sugarcane,Development,0.0,0
35.968384674502545,61.41667101303849,41.35356013573217,1.9496894233014848,Cotton,Mid-season,0.46,0
31.668564776677812,50.3683110702383,15.910489691623573,16.30376431564566,Wheat,Initial,0.0,0
34.81584999776791,50.82853951670436,24.5322470214144,2.614189907779208,Cotton,Development,0.28,0
29.692863130432748,60.76024024860224,32.34345987355794,0.7238907760777274,Rice,Late-season,0.61,0
19.56580531135759,29.460183972182385,56.29551445376423,4.643714865472549,Rice,Late-season,0.0,0
25.84842909900082,88.17356689361482,40.0861769268816,7.330366024387256,Rice,Late-season,0.0,0
28.406844967249445,40.77483638410371,34.419724751045436,2.1424596334701973,Cotton,Initial,0.0,0
22.179171534736074,52.88298837211439,6.666127456379409,7.3623673757315515,Rice,Initial,0.0,0
31.236709396515565,60.95374489120745,37.467224477878766,13.640138600557643,Cotton,Late-season,0.0,0
16.290592160759232,34.362005744810176,14.201575899623254,0.9995432928529318,Wheat,Initial,0.26,0
34.46411691440664,74.6353209168944,5.002905481276324,15.386968536684924,Rice,Late-season,0.0,0
39.4075058079107,21.17324714805756,56.36223376821567,8.298094094249576,Maize,Late-season,0.0,0
34.94700678080214,91.99375172315682,42.32010377799884,4.2263825773637995,Sugarcane,Development,0.0,0
38.63066472009669,58.415826260771354,27.24004364896312,0.8834900992153267,Maize,Development,0.6,0
40.02378114597109,48.153301542448986,18.28717503689584,4.046909893015282,Rice,Initial,0.66,0
15.101727752864392,67.35330772965719,37.808380038424694,1.914743961899673,Maize,Mid-season,0.17,0
21.668007052369166,79.24143034638821,39.89942133513592,3.8040435010065514,Sugarcane,Initial,0.0,0
22.867378422559767,81.70523645325736,29.827421873846294,3.4802310919781485,Maize,Development,0.0,0
27.105907256652564,39.20663196788178,11.61872421336786,0.5186828812948064,Sugarcane,Late-season,1.16,0
21.035251202140806,24.175461121548167,48.86345736827373,0.8365439887664217,Sugarcane,Mid-season,1.12,0
24.143368329092304,29.486019251848212,27.796453858989793,0.07459803511845325,Maize,Mid-season,1.84,1
34.006269497851434,56.93913905153813,55.31873825668272,3.3588516902550563,Cotton,Initial,0.0,0
29.428410234352107,82.44567597787892,27.101182712945644,6.311105062766799,Sugarcane,Initial,0.0,0
35.811992084936676,44.54158873710904,18.32077406072282,0.9259749004192124,Rice,Late-season,1.31,0
18.502068965730725,54.03153201877652,32.88115638424569,5.813992962178942,Rice,Late-season,0.0,0
36.23068876567408,62.492300242260534,57.65224872552551,1.9148252462300195,Wheat,Development,0.0,0
33.29160276123047,76.88064805997786,17.36982838035023,0.39852213090022953,Rice,Late-season,0.62,0
22.83765928749853,60.589104189276824,6.304399816818483,0.41576210881567216,Cotton,Late-season,0.53,0
40.458643207577424,74.11338348825677,9.846961322530676,9.364349148578787,Sugarcane,Initial,0.0,0
31.495556193971638,81.5219720456883,27.226041625862642,1.2519381877668943,Cotton,Initial,0.0,0
29.818727401023793,60.37447790074341,36.07905853140579,14.850802017551125,Rice,Initial,0.0,0
38.64435998709136,80.10626081814704,56.888545899590696,0.5184464628659138,Sugarcane,Initial,0.02,0
28.366510532673793,83.49008698425538,32.784114133750286,6.892320277518183,Wheat,Development,0.0,0
34.757954566017155,32.3550506665793,24.32457640602097,1.5385141708199983,Maize,Initial,0.13,0
24.931873890855627,61.644749195595516,10.49625323799253,8.17423229535785,Rice,Late-season,0.0,0
32.51042229390025,74.40422012463745,16.53135071614352,10.800004595332753,Wheat,Initial,0.0,0
26.575578827290002,33.675138768366466,56.82655158456637,7.033877457021011,Wheat,Development,0.0,0
39.42434183404747,45.550011561630846,25.74115914939445,11.843169496172976,Maize,Initial,0.0,0
18.71959909376003,47.679211950635306,44.71535954473344,0.9569175915124069,Wheat,Development,0.25,0
27.44617898973857,70.55010283023901,34.78284551673683,9.27119003064378,Maize,Development,0.0,0
21.781276836673715,65.31541098974782,53.391862642129375,1.9627044379502854,Maize,Late-season,0.0,0
30.141933227992965,37.13067211755789,50.22161354192374,1.7520606780973007,Cotton,Development,0.29,0
28.856825028047904,63.94232025145676,14.878480635501658,6.6405649856138655,Wheat,Mid-season,0.0,0
18.063788215940857,61.000962491659024,44.01134253047159,0.25665508830983064,Sugarcane,Mid-season,0.63,0
36.67233739305981,80.6774524630499,18.491759438249467,4.7755242748845195,Sugarcane,Late-season,0.0,0
32.08279311789485,84.71594630744188,9.392103352024108,7.525038731826589,Wheat,Late-season,0.0,0
33.77361163985839,50.70859532204818,53.19726834535298,1.7689654641907773,Rice,Mid-season,0.51,0
23.11770229514009,63.355628688862375,25.676610647181132,3.82722133649392,Sugarcane,Mid-season,0.0,0
39.63709646421995,39.94805484905841,30.417726029844538,3.9830365736736524,Cotton,Development,0.11,0
41.962667617438385,37.6555436631145,44.98389292401985,2.374325633858146,Rice,Development,0.93,0
15.249818105769364,54.54245056716918,31.858420215238404,0.11414145253519345,Wheat,Mid-season,0.82,0
22.938091492063734,61.99198261519621,21.550549024098032,0.9144144607817135,Rice,Initial,0.65,0
16.465322005513087,64.74728992678558,9.777459939240053,6.048506471964953,Sugarcane,Initial,0.0,0
16.601340159629615,42.899442427494975,54.311433873310264,5.127644456133995,Wheat,Late-season,0.0,0
18.821906955881865,82.55940749354343,5.4480436506829335,1.197999529080061,Wheat,Mid-season,0.73,0
25.13165303203936,93.81450437889227,6.668658575007503,32.84987640549361,Cotton,Late-season,0.0,0
30.085088854094607,24.463433192298076,20.033088216623987,12.928898797419112,Maize,Initial,0.0,0
32.86463641261578,94.96222628140413,19.468834260844766,4.291062971692025,Sugarcane,Late-season,0.0,0
19.44493565726621,31.150442277213656,30.09693514119953,2.437275291436277,Sugarcane,Initial,0.0,0
16.20339109924103,92.79299994705204,44.3834679380757,1.9518535099987544,Sugarcane,Initial,0.0,0
27.110648832948403,66.96836170722747,13.050518662393227,1.0470034289072014,Sugarcane,Initial,0.06,0
21.91888294500496,48.51462484813831,52.919951802256435,5.440555538889899,Wheat,Development,0.0,0
32.86834927299206,53.617101089456675,29.563104560866073,3.059178231247033,Rice,Initial,0.35,0
34.32019633797027,74.11823945637701,20.531841055820486,9.01834435304787,Cotton,Late-season,0.0,0
18.266993722825795,32.65262321028092,22.368760447953814,4.505456253154343,Cotton,Late-season,0.0,0
25.70161664312182,25.83793648328855,25.549905865099834,5.836075544803819,Maize,Late-season,0.0,0
19.325303156546955,20.583797770172538,46.41398895128642,0.5623070392615739,Rice,Development,1.1,0
20.030552966000407,27.479465289002597,24.98284615629555,3.4792641239194295,Cotton,Initial,0.0,0
19.83785121488371,68.53026246941555,30.5349803128387,3.419130257211009,Wheat,Mid-season,0.0,0
40.81253218313731,36.10513438411724,33.416534291413086,6.659359836313328,Sugarcane,Initial,0.0,0
25.205145602314673,54.775685432988354,9.868727336810064,4.695227227374382,Maize,Initial,0.0,0
16.664330852794237,91.89092051180653,12.806326591766922,1.8172233636070927,Rice,Initial,0.37,0
20.905988723810513,38.2226343840928,40.326992568506,1.6154140020975691,Sugarcane,Development,0.35,0
28.247482482199622,92.45749045486116,50.773086785867555,1.6746390013075954,Wheat,Late-season,0.0,0
27.54183076361009,93.41972352627428,14.481475758464363,2.2118108224572093,Wheat,Mid-season,0.32,0
41.02648082526147,31.675640957317825,17.505897480689015,1.2789450282323587,Rice,Mid-season,2.51,1
31.311121874485636,70.30273056094204,38.13892395688894,0.369971374541109,Cotton,Mid-season,0.66,0
20.68043697134135,41.772088677418594,48.2599010750526,0.8681388817777224,Sugarcane,Mid-season,0.79,0
25.63766270825249,51.229412760644024,29.799903600392483,8.769531454399896,Maize,Mid-season,0.0,0
34.006436225392974,45.34591782839681,22.048907503950847,13.481333951339465,Cotton,Initial,0.0,0
32.34835955416289,40.634581803206906,32.89291354522118,7.715744292093484,Wheat,Mid-season,0.0,0
37.64482548796636,63.66355521084799,18.684897343602216,5.412219274448936,Maize,Late-season,0.0,0
15.288683733064538,52.94078831989059,51.37941235519704,3.3626812260759973,Wheat,Initial,0.0,0
17.764650495415765,24.61293023439789,7.823390422802267,2.3913899735869957,Wheat,Development,0.54,0
19.25799777400628,38.92018172006345,13.615605809999844,15.278506367809799,Maize,Initial,0.0,0
15.383458216610647,31.506318455816555,28.162472093337474,0.35481043437547033,Maize,Development,0.72,0
27.28541683854009,77.53761052582641,41.289148577017414,2.9524774000414884,Wheat,Initial,0.0,0
34.11227679326352,31.497212038654055,55.31135072839715,0.33286356225961866,Wheat,Late-season,0.36,0
20.05846127688553,88.20955985365784,33.5998968220307,7.754451835309313,Wheat,Mid-season,0.0,0
32.649864708437136,78.04520966177542,49.76060223760638,3.401245425468378,Wheat,Mid-season,0.0,0
34.90514728574532,72.47848078657529,18.544890375674527,11.686284147108319,Maize,Mid-season,0.0,0
41.53258246896579,84.51858582330985,42.83442550134914,13.963948027781177,Rice,Late-season,0.0,0
20.14233891981124,53.16171035846088,8.932666338239944,2.4686743832412503,Cotton,Initial,0.0,0
25.43397047513207,44.77206316011006,37.744564738067155,10.286620879213334,Maize,Late-season,0.0,0
25.407701736892854,31.868055636144703,43.24448379025283,0.5587072665464986,Maize,Initial,0.2,0
22.726883511543498,34.918761030291854,56.4993906803742,0.09349152782409062,Maize,Late-season,0.47,0
15.583928796468433,56.269478607824674,32.557605778693,1.9405514255831389,Sugarcane,Mid-season,0.31,0
25.162463518830833,70.41972049494245,48.03176947544525,3.783104436208697,Cotton,Initial,0.0,0
29.362803867145768,58.34735182778664,57.49208304070863,3.2560328909286436,Cotton,Late-season,0.0,0
30.192596406349693,90.87105656161283,15.756385590583768,5.131584325334737,Wheat,Development,0.0,0
30.126519522142416,39.12527393758068,19.440262651100014,0.20022113670934277,Rice,Development,1.82,1
16.5194246790035,50.89954921191294,36.84040929259946,2.493654580537847,Maize,Mid-season,0.18,0
28.907278156638196,71.42804219645569,40.72428370859644,2.7603713867963204,Sugarcane,Late-season,0.0,0
18.801015180330264,58.49289290723444,37.29485204746332,3.2359899774665575,Cotton,Initial,0.0,0
17.01586440542105,88.58302773155354,6.135389175018631,16.397129344599417,Wheat,Development,0.0,0
26.14208848809561,39.233301309739105,5.553912415775574,1.6064718775559348,Maize,Development,0.8,0
32.81516275272166,43.93062292405447,47.194863062201385,1.1591318616097754,Maize,Late-season,0.31,0
29.12050090785748,28.587964735173607,27.04648796094134,1.1581505781729429,Cotton,Late-season,0.72,0
34.32215986505959,80.00408059635285,24.035898243031728,0.9473901945859451,Sugarcane,Initial,0.02,0
38.356688309577734,57.49829487218139,12.749716902839094,1.2288919226825854,Rice,Development,1.3,0
26.387384467673293,31.01012238154973,31.344666350162072,0.08792123068141577,Maize,Late-season,0.89,0
16.986694951221654,67.18352149340893,48.61556691940797,0.7115281521516602,Wheat,Development,0.15,0
36.03482288770568,39.54750910677511,13.96041261508905,2.053537459360867,Rice,Development,1.62,1
20.026455965143896,29.424585918468708,12.61082093980551,6.894842286584781,Sugarcane,Late-season,0.0,0
36.13922266397641,75.9691170762654,38.253699242787185,5.797652560254037,Cotton,Initial,0.0,0
23.41799646373559,67.83666344445577,5.513972441743431,0.16766470336012135,Sugarcane,Mid-season,1.13,0
33.46867126568594,39.9027299840258,42.83795620652899,7.862075688433617,Cotton,Initial,0.0,0
40.18503636656883,45.88848787217229,10.85649698065885,3.384960609307134,Sugarcane,Mid-season,1.53,1
20.984477494674096,40.21175376000225,18.349324273922072,23.941291881859378,Rice,Initial,0.0,0
40.36002618061114,20.144893571862887,44.917407582677754,5.351074432073139,Wheat,Mid-season,0.53,0
20.79302607591006,67.55412920082375,46.84903101286821,21.353474064730488,Maize,Late-season,0.0,0
35.68269928702101,45.41008774453347,14.659455606240128,2.7355201725506713,Maize,Mid-season,1.35,0
27.55094470000941,60.31423251522864,59.733767561006665,2.546711119051572,Maize,Late-season,0.0,0
24.861593443615043,49.45892347465287,43.26024143949745,13.893997936558929,Sugarcane,Development,0.0,0
35.74679808161706,26.690491911272286,16.613692058755984,3.487097880485479,Rice,Initial,1.45,0
21.82708442658909,58.80509673687246,5.822865904096539,1.5363383628373983,Sugarcane,Development,0.43,0
38.46168765422177,90.05273679942579,23.009230962473666,0.7299429019396076,Rice,Development,0.63,0
35.95663028508604,92.8613161281733,30.65164895482093,1.821758917687235,Rice,Development,0.22,0
23.229954905418573,39.23656424053657,37.656291382394876,0.07930552645383844,Rice,Late-season,0.99,0
32.8573161018147,22.40470222301038,9.576099907991424,1.736425440327223,Cotton,Mid-season,2.53,1
35.651926324463,21.661747206218266,32.59420491786705,1.605763371118679,Cotton,Development,1.06,0
38.29728958249063,55.65621778280107,59.694754870007145,19.556643054656426,Maize,Development,0.0,0
30.521476369267912,49.850482812786126,25.04124705768817,0.06099427238698217,Sugarcane,Initial,0.51,0
31.298066697112798,88.73166418756502,7.751224680410683,0.843730231254983,Rice,Development,0.76,0
18.195324010382706,94.73378788250669,48.29876664681496,2.627505897368872,Wheat,Initial,0.0,0
33.37630449321714,79.2481069677375,49.83635076611074,0.4426736833304454,Maize,Initial,0.02,0
28.601882980565122,68.44636483340338,58.50919141632322,0.28674494735201683,Cotton,Development,0.25,0
28.049409114826936,45.197773053538356,13.4971279913321,2.556807857528965,Rice,Initial,0.89,0
30.10852073280858,69.913205656791,58.80790120447761,6.516870117003743,Cotton,Development,0.0,0
24.04749572524525,22.587790737374448,20.846882087008048,7.314751893829813,Wheat,Development,0.0,0
34.229081229201086,63.48348819270619,14.452127836275569,1.516515955054409,Rice,Late-season,0.61,0
25.05062297002393,74.04983408808968,35.514371705067134,2.7484947130503983,Wheat,Development,0.0,0
24.867190085638388,90.21097515740847,8.019769000092587,5.594965044295441,Wheat,Mid-season,0.0,0
36.70488713585184,33.8030776116085,21.27594919391586,6.31238895206279,Wheat,Mid-season,0.48,0
34.41048750432934,74.7204986926507,10.513275364717526,6.324997182475949,Rice,Development,0.0,0
37.434907252189966,23.11969671923521,6.271086765728571,2.334100309918004,Maize,Late-season,1.04,0
30.076380894395992,88.80116761300616,26.531385168370864,9.320050333352635,Sugarcane,Late-season,0.0,0
30.655187873702015,47.75669600524782,6.008611395585744,0.6826691126925909,Maize,Development,1.01,0
27.190390356224995,90.38511592743593,11.738552839540162,1.1914626651289326,Maize,Mid-season,0.7,0
26.716251740047092,40.83746746734907,52.84482636396765,4.643598426501121,Cotton,Initial,0.0,0
29.361588815795166,26.888775292190076,29.47602760489454,38.05668059191408,Rice,Late-season,0.0,0
39.12339446251213,81.74197694348746,10.667293138704046,1.290281437121239,Sugarcane,Mid-season,0.73,0
25.425682760271428,79.01960794224962,39.094387346819126,0.43179476602473066,Cotton,Development,0.33,0
40.34181108601964,24.042371779534157,5.66989094790978,5.413765276347773,Sugarcane,Mid-season,2.16,1
26.540023773416515,30.10983713146078,55.25182785934957,3.177070723942376,Rice,Mid-season,0.26,0
40.05886441590836,59.76974192287614,24.44751302765252,7.976568300237031,Sugarcane,Mid-season,0.0,0
35.02877483164664,76.75286825836022,41.679796267631566,1.3330494615149402,Cotton,Development,0.04,0
30.408620862574896,56.31996485822941,35.24884425111253,3.384308879028172,Sugarcane,Initial,0.0,0
34.31866077477048,28.22211458025798,46.229416368196304,0.7302537408671039,Maize,Development,0.81,0
41.354151527979624,91.77438266528311,8.324009971731023,2.928225771143809,Sugarcane,Development,0.0,0
28.10431222262929,82.26329322496906,57.283647610858964,5.029062469656442,Sugarcane,Late-season,0.0,0
31.289790272404158,43.40009795813377,55.04030024576332,10.216530342089275,Maize,Late-season,0.0,0
27.93883895070494,70.65533278514704,22.799601851926344,0.41496063207860323,Maize,Development,0.42,0
40.59249455273136,56.38039891723803,54.835999435587084,9.009763875648675,Rice,Development,0.0,0
26.75756917694342,38.768474394720265,42.78160956166867,6.786799519315725,Wheat,Initial,0.0,0
39.69000641551763,76.33604329635807,56.335652452808276,1.9068381343082694,Rice,Mid-season,0.0,0
35.599619719812154,76.96149268912302,53.73406819025388,6.5288048907034515,Maize,Development,0.0,0
28.586654252291662,21.0559747462168,5.382667301681017,1.3730173271966042,Cotton,Development,1.48,0
22.025706934265347,33.2782470896298,6.5686013661256535,12.001218192592443,Wheat,Mid-season,0.0,0
19.107992946826947,88.41722164997,54.10377667744372,5.3051542029748635,Rice,Initial,0.0,0
41.59153228506726,85.83744526818607,54.23084241515506,5.382950882007854,Sugarcane,Mid-season,0.0,0
39.12851352544298,41.86376961133942,35.94913488382116,0.5253082035374286,Cotton,Initial,0.38,0
18.80080235982276,36.86726042978054,35.697378697051825,7.221588101605377,Maize,Development,0.0,0
21.267615645604216,20.070728189561777,46.64328191690915,21.068116073774277,Cotton,Late-season,0.0,0
33.88770079166976,54.93276466234457,33.16173902803193,0.7362326487243429,Wheat,Initial,0.23,0
20.06865803845339,81.5900152512466,55.311464573587784,3.849312482782108,Wheat,Late-season,0.0,0
18.279548814492443,65.64009824579287,43.65350617578153,3.0144133575893655,Sugarcane,Initial,0.0,0
35.05853543875051,87.48929613868962,50.01214561238029,23.216660680153012,Wheat,Development,0.0,0
17.3421897307073,45.27520935029439,12.095229626279238,3.702557993457671,Wheat,Mid-season,0.3,0
30.6137926096819,39.44301015427026,54.98532170328382,0.10699856484458321,Sugarcane,Mid-season,1.17,0
34.41279683574764,77.51966947618695,27.886519943752294,0.08527208305211637,Rice,Development,0.77,0
16.703556391946826,28.089183211513586,40.76378958054045,1.873382347148622,Sugarcane,Late-season,0.24,0
37.869324955505256,82.09340466117982,26.05533143799271,4.4472550077661985,Rice,Initial,0.0,0
21.51258291495662,32.61058144210603,58.4652796266771,4.805882376994842,Cotton,Mid-season,0.0,0
24.119411652570186,72.72737749805987,17.243200009768074,1.5136413124212433,Rice,Mid-season,0.54,0
23.62968938871792,32.57161728804384,19.45843860941293,0.18201508417577306,Maize,Initial,0.44,0
17.544562792922193,32.87704948463684,10.639399596195421,4.741394820513806,Cotton,Late-season,0.0,0
15.284203250361939,94.2780657015978,42.56600751717885,5.157444062299704,Maize,Mid-season,0.0,0
38.25330212094191,30.911858543586977,51.05315846631726,0.07842456955090901,Rice,Late-season,1.22,0
26.73964141178535,35.05750467945013,10.915876547373877,2.900232754013219,Rice,Late-season,0.82,0
28.134058515658282,66.89127939896392,50.5061306484047,5.6761132787580735,Wheat,Initial,0.0,0
27.67118090172019,89.34671133818964,26.867552812085563,4.903112635751033,Sugarcane,Development,0.0,0
29.020562224672325,84.34639590517523,26.52579513500608,10.97732529629809,Cotton,Development,0.0,0
28.35413980807555,56.74488149336455,34.63249223633139,1.4897195472301918,Maize,Initial,0.0,0
18.540272656945497,54.152310092112536,49.57582893882761,8.803035203909342,Maize,Late-season,0.0,0
29.007824426277544,22.523774910129248,42.09379060577283,2.5926585555623234,Wheat,Late-season,0.0,0
38.589163633853644,54.637582592045625,6.165573542531902,1.2905573926224982,Cotton,Development,0.92,0
26.458699904210466,84.52776029603605,34.81756301183917,5.850043226127651,Maize,Late-season,0.0,0
26.870704819597453,53.47150013557635,27.600686333161136,3.8672696288621617,Rice,Mid-season,0.15,0
39.05849023372916,44.981416107040474,13.113810879754075,0.5076752028451119,Rice,Initial,1.92,1
20.065496690726466,21.623592694043595,33.60107504592381,5.696836249843854,Sugarcane,Late-season,0.0,0
27.44486086883081,75.772150895056,59.21937515546338,5.500922789818164,Maize,Development,0.0,0
29.074229353249777,32.90748894873966,21.798743097566774,1.9390774987960415,Cotton,Late-season,0.49,0
20.539936501669338,79.14138815061924,14.19577200009976,0.1443507650705187,Cotton,Late-season,0.47,0
41.35154422359615,44.8410360967341,11.526063675793877,4.224356164441357,Cotton,Development,0.31,0
36.16966805536893,66.6886901309537,22.328107313417966,3.9031224934297533,Wheat,Mid-season,0.0,0
33.331526455578086,74.38220141732381,58.076739260045535,1.5082110414087613,Cotton,Initial,0.0,0
27.77048649700987,70.40858450740993,38.39761976641149,2.6869967270945834,Sugarcane,Late-season,0.0,0
25.335446319924458,64.18500523670286,40.62181458664542,3.005044251648796,Sugarcane,Initial,0.0,0
17.263834386120987,46.028526946533276,28.049107571899253,0.08533072607565717,Sugarcane,Development,0.77,0
20.778192055694603,55.6644891219645,22.499636522978673,1.5510253112381749,Rice,Late-season,0.4,0
35.251655751897374,27.442167206200743,51.147704244364654,13.398931627753578,Cotton,Initial,0.0,0
40.005851098099136,79.47561193419037,55.73395860520735,5.487117032156458,Maize,Mid-season,0.0,0
17.268046292056894,71.11445224149878,42.40603341383025,5.529393378079629,Rice,Mid-season,0.0,0
37.223363283185776,23.147954468262952,30.909556788748223,2.5370992849078657,Wheat,Late-season,0.09,0
27.186091579160625,48.81456386944831,28.778364493326592,19.37890516213698,Cotton,Initial,0.0,0
39.90023348564571,56.017753510327005,39.305823502474766,8.865168478763065,Rice,Development,0.0,0
26.621391518375106,50.713886020903544,25.61020623946679,12.986749051110893,Sugarcane,Initial,0.0,0
17.942999726300354,28.109251435782202,28.532823316914516,0.5193491183061383,Maize,Mid-season,1.45,0
15.19493856910038,43.74472613094851,42.24548980199605,3.308619909530443,Maize,Mid-season,0.0,0
38.6008024937877,46.930308428236344,7.501759780975103,9.341894967165258,Maize,Late-season,0.0,0
22.540162507106725,47.598880789009,9.269753688738732,6.249419680859209,Rice,Development,0.0,0
16.25662107291484,20.325805083806742,40.49257708356892,2.70116170062892,Wheat,Initial,0.0,0
39.64292727964198,34.4602096007455,26.41524057097703,14.09310474302284,Wheat,Late-season,0.0,0
21.03434648490768,72.9196842332369,15.494522029546891,4.024214115067237,Rice,Development,0.0,0
40.80177725409661,22.14733953767396,15.985055406118011,1.3874087413926044,Wheat,Initial,0.7,0
21.283716530491446,56.851181770158895,52.985603779219645,6.225075181614857,Wheat,Initial,0.0,0
17.40308580553235,72.04940812919567,14.152785637101692,7.717487480532022,Wheat,Development,0.0,0
26.260315664664326,46.28526517384459,52.23476530711712,0.6764902395693722,Rice,Development,0.7,0
27.297721609692925,82.2141811466281,58.62879074292943,10.336504533939637,Wheat,Late-season,0.0,0
29.066767493532645,56.56988285371707,36.808100648736726,5.843506709547203,Maize,Development,0.0,0
37.169984249020935,52.66287705899445,8.979168044361705,7.713166114317972,Wheat,Late-season,0.0,0
17.709922367566456,67.53342796574378,53.40722443885029,10.935290085578249,Maize,Late-season,0.0,0
25.343167595995997,44.778570074722815,29.64413333698989,2.1245783283327286,Sugarcane,Development,0.34,0
36.81809702791689,29.33789407742692,58.38300373216022,4.047637002324386,Sugarcane,Mid-season,0.25,0
30.97075736764453,67.47495828851959,7.916417406639592,1.3919727705979845,Maize,Late-season,0.22,0
16.33986494907519,84.13164979295271,41.198936208948346,2.849546442945381,Maize,Initial,0.0,0
15.519722023920137,81.89112093138823,12.849701968269596,1.8520006084262985,Sugarcane,Late-season,0.1,0
21.641800201923864,57.2855347814151,49.51385558062863,3.1794687958527135,Sugarcane,Late-season,0.0,0
37.88251675016123,44.97794265225457,26.997916852116578,2.752397120968711,Rice,Development,0.96,0
22.525270308811024,31.913951895796686,15.761646259393833,18.05540500746885,Wheat,Mid-season,0.0,0
30.331705934896476,23.147787755455024,14.721627708290342,10.01217928657281,Sugarcane,Initial,0.0,0
21.40757801350506,41.64997270065953,56.589332600272336,8.734067593786786,Wheat,Late-season,0.0,0
17.220296980786216,51.369806067693176,35.76160296422549,1.0376509335920945,Maize,Late-season,0.17,0
35.13493450611212,35.39537559129939,21.1098160685951,2.124088234816704,Maize,Mid-season,1.72,1
37.86691018787449,48.22913723312082,21.3141474008655,11.011290245964805,Rice,Development,0.0,0
27.742308875392947,88.09179503096246,24.975405784996706,1.6924371729101488,Wheat,Mid-season,0.36,0
18.891662927713668,81.70625110738425,56.208246698796,4.883364628518072,Wheat,Late-season,0.0,0
22.19971718757762,73.70701118674711,26.684202952265988,5.65178385549117,Rice,Mid-season,0.0,0
41.83187377473415,74.66766018430624,57.387021523887846,9.0081263675484,Rice,Development,0.0,0
36.98931832479622,54.436934778193354,18.84836493407864,2.3127190189120106,Rice,Initial,0.85,0
29.147815521546015,57.87933502028065,33.88877556567685,18.254302115777858,Maize,Mid-season,0.0,0
40.437847021570924,33.433946311771635,10.67923451898454,0.2674675492640361,Wheat,Development,1.68,1
38.03136609267399,80.44461150615189,12.271633755116483,6.257324278505969,Maize,Development,0.0,0
22.955520382687514,23.751411567663975,31.798725818999802,2.1959110792499064,Maize,Initial,0.0,0
33.75613669911785,77.71140404866902,18.463423546618365,0.25355908938550975,Maize,Late-season,0.41,0
15.26891301251619,90.2834370441104,39.51909306904882,1.9419090742676992,Wheat,Mid-season,0.11,0
15.24315293514083,37.660356275815786,12.57505658344276,4.7358921753783765,Wheat,Late-season,0.0,0
35.173702604570565,54.69224812353497,38.0761322522802,7.796772966796733,Sugarcane,Mid-season,0.0,0
16.78008001265202,59.88676331081039,8.416917389605265,7.2740930200109055,Cotton,Initial,0.0,0
38.80624212956302,67.96715735254705,8.695866391380557,1.4594688158449305,Rice,Development,0.89,0
19.512575267466868,72.38603508611655,47.91426320062629,2.003222214953627,Cotton,Late-season,0.0,0
30.060672392646964,84.59647495660728,17.314841105241427,14.173018213973084,Maize,Development,0.0,0
17.41957054787371,29.49216023800693,50.46529920424155,10.003369763111332,Sugarcane,Mid-season,0.0,0
39.087024423659194,22.30873266782301,46.16179959153587,7.110522652225777,Wheat,Late-season,0.0,0
23.164357365035528,79.67800138211283,23.46826209265599,0.015896734780102433,Wheat,Initial,0.3,0
30.9873273814775,81.46384390325534,50.3915859288493,0.3435917978407639,Rice,Late-season,0.34,0
23.40025838051048,44.05244637809921,41.23323647245021,4.8793136432204625,Rice,Development,0.0,0
20.704120772336736,48.64876022677275,34.89766826558432,3.1554214134769736,Maize,Mid-season,0.18,0
35.24964857825933,58.24174611542076,10.765245251742105,9.769909938703279,Sugarcane,Mid-season,0.0,0
41.22503142827799,28.83950815098276,57.70381447278768,0.4771158687933498,Cotton,Initial,0.31,0
34.03805495925286,83.77240524288439,28.873909499878923,13.191833094024581,Wheat,Development,0.0,0
37.82631844592079,42.260015378887914,24.48461467301942,11.819745647766464,Maize,Late-season,0.0,0
32.62596090398456,84.21096127147155,20.79225104529288,1.015040315870547,Sugarcane,Mid-season,0.69,0
39.148343062040105,20.73955462528546,42.282773883176,3.242399389165101,Sugarcane,Initial,0.0,0
23.6675812094106,36.871253290777545,53.280769233956725,3.2876781702639546,Sugarcane,Mid-season,0.13,0
31.02956572209956,67.97128434517671,32.25556297067615,0.09017595792160427,Sugarcane,Development,0.59,0
31.45835041525853,26.829963656163574,31.065586850115555,1.0764988020688206,Wheat,Initial,0.4,0
32.8552069817454,88.3442113875716,27.20661357630906,1.164386813936405,Cotton,Mid-season,0.51,0
